workload,page_size,queue_size_q,queue_size_numeric,total_reuse_events,visible_reuse_events,reuse_event_visibility_fraction,total_reuse_blocks,visible_reuse_blocks,reuse_block_visibility_fraction,total_next_reuses,visible_next_reuses,next_reuse_visibility_fraction
natural_tenant_rotation_gap,16,1,1,6252,0,0.0,1600512,0,0.0,608,0,0.0
natural_tenant_rotation_gap,16,10,10,6252,543,0.08685220729366602,1600512,139008,0.08685220729366602,608,351,0.5773026315789473
natural_tenant_rotation_gap,16,20,20,6252,1058,0.1692258477287268,1600512,270848,0.1692258477287268,608,441,0.725328947368421
natural_tenant_rotation_gap,16,30,30,6252,1463,0.23400511836212412,1600512,374528,0.23400511836212412,608,441,0.725328947368421
natural_tenant_rotation_gap,16,40,40,6252,1688,0.26999360204734485,1600512,432128,0.26999360204734485,608,561,0.9226973684210527
natural_tenant_rotation_gap,16,50,50,6252,1786,0.2856685860524632,1600512,457216,0.2856685860524632,608,561,0.9226973684210527
natural_tenant_rotation_gap,16,60,60,6252,1828,0.2923864363403711,1600512,467968,0.2923864363403711,608,561,0.9226973684210527
natural_tenant_rotation_gap,16,70,70,6252,1828,0.2923864363403711,1600512,467968,0.2923864363403711,608,561,0.9226973684210527
natural_tenant_rotation_gap,16,80,80,6252,1940,0.3103007037747921,1600512,496640,0.3103007037747921,608,561,0.9226973684210527
natural_tenant_rotation_gap,16,90,90,6252,1940,0.3103007037747921,1600512,496640,0.3103007037747921,608,561,0.9226973684210527
natural_tenant_rotation_gap,16,100,100,6252,1940,0.3103007037747921,1600512,496640,0.3103007037747921,608,561,0.9226973684210527
natural_tenant_rotation_gap,16,110,110,6252,1940,0.3103007037747921,1600512,496640,0.3103007037747921,608,561,0.9226973684210527
natural_tenant_rotation_gap,16,120,120,6252,2044,0.326935380678183,1600512,523264,0.326935380678183,608,561,0.9226973684210527
natural_tenant_rotation_gap,16,130,130,6252,2044,0.326935380678183,1600512,523264,0.326935380678183,608,561,0.9226973684210527
natural_tenant_rotation_gap,16,140,140,6252,2044,0.326935380678183,1600512,523264,0.326935380678183,608,561,0.9226973684210527
natural_tenant_rotation_gap,16,150,150,6252,2044,0.326935380678183,1600512,523264,0.326935380678183,608,561,0.9226973684210527
natural_tenant_rotation_gap,16,160,160,6252,2140,0.34229046705054383,1600512,547840,0.34229046705054383,608,561,0.9226973684210527
natural_tenant_rotation_gap,16,170,170,6252,2140,0.34229046705054383,1600512,547840,0.34229046705054383,608,561,0.9226973684210527
natural_tenant_rotation_gap,16,180,180,6252,2140,0.34229046705054383,1600512,547840,0.34229046705054383,608,561,0.9226973684210527
natural_tenant_rotation_gap,16,190,190,6252,2176,0.34804862444017914,1600512,557056,0.34804862444017914,608,597,0.9819078947368421
natural_tenant_rotation_gap,16,200,200,6252,2348,0.37555982085732564,1600512,601088,0.37555982085732564,608,597,0.9819078947368421
natural_tenant_rotation_gap,16,210,210,6252,2425,0.3878758797184901,1600512,620800,0.3878758797184901,608,608,1.0
natural_tenant_rotation_gap,16,220,220,6252,2898,0.463531669865643,1600512,741888,0.463531669865643,608,608,1.0
natural_tenant_rotation_gap,16,230,230,6252,3091,0.49440179142674345,1600512,791296,0.49440179142674345,608,608,1.0
natural_tenant_rotation_gap,16,240,240,6252,3832,0.6129238643634037,1600512,980992,0.6129238643634037,608,608,1.0
natural_tenant_rotation_gap,16,250,250,6252,4171,0.667146513115803,1600512,1067776,0.667146513115803,608,608,1.0
natural_tenant_rotation_gap,16,260,260,6252,4482,0.716890595009597,1600512,1147392,0.716890595009597,608,608,1.0
natural_tenant_rotation_gap,16,270,270,6252,4725,0.7557581573896354,1600512,1209600,0.7557581573896354,608,608,1.0
natural_tenant_rotation_gap,16,280,280,6252,4860,0.7773512476007678,1600512,1244160,0.7773512476007678,608,608,1.0
natural_tenant_rotation_gap,16,290,290,6252,4916,0.7863083813179782,1600512,1258496,0.7863083813179782,608,608,1.0
natural_tenant_rotation_gap,16,300,300,6252,4940,0.7901471529110684,1600512,1264640,0.7901471529110684,608,608,1.0
natural_tenant_rotation_gap,16,310,310,6252,4940,0.7901471529110684,1600512,1264640,0.7901471529110684,608,608,1.0
natural_tenant_rotation_gap,16,320,320,6252,5004,0.800383877159309,1600512,1281024,0.800383877159309,608,608,1.0
natural_tenant_rotation_gap,16,330,330,6252,5004,0.800383877159309,1600512,1281024,0.800383877159309,608,608,1.0
natural_tenant_rotation_gap,16,340,340,6252,5004,0.800383877159309,1600512,1281024,0.800383877159309,608,608,1.0
natural_tenant_rotation_gap,16,350,350,6252,5004,0.800383877159309,1600512,1281024,0.800383877159309,608,608,1.0
natural_tenant_rotation_gap,16,360,360,6252,5060,0.8093410108765196,1600512,1295360,0.8093410108765196,608,608,1.0
natural_tenant_rotation_gap,16,370,370,6252,5060,0.8093410108765196,1600512,1295360,0.8093410108765196,608,608,1.0
natural_tenant_rotation_gap,16,380,380,6252,5060,0.8093410108765196,1600512,1295360,0.8093410108765196,608,608,1.0
natural_tenant_rotation_gap,16,390,390,6252,5060,0.8093410108765196,1600512,1295360,0.8093410108765196,608,608,1.0
natural_tenant_rotation_gap,16,400,400,6252,5108,0.8170185540627,1600512,1307648,0.8170185540627,608,608,1.0
natural_tenant_rotation_gap,16,410,410,6252,5108,0.8170185540627,1600512,1307648,0.8170185540627,608,608,1.0
natural_tenant_rotation_gap,16,420,420,6252,5108,0.8170185540627,1600512,1307648,0.8170185540627,608,608,1.0
natural_tenant_rotation_gap,16,430,430,6252,5126,0.8198976327575176,1600512,1312256,0.8198976327575176,608,608,1.0
natural_tenant_rotation_gap,16,440,440,6252,5208,0.8330134357005758,1600512,1333248,0.8330134357005758,608,608,1.0
natural_tenant_rotation_gap,16,450,450,6252,5243,0.8386116442738324,1600512,1342208,0.8386116442738324,608,608,1.0
natural_tenant_rotation_gap,16,460,460,6252,5458,0.8730006397952655,1600512,1397248,0.8730006397952655,608,608,1.0
natural_tenant_rotation_gap,16,470,470,6252,5543,0.88659628918746,1600512,1419008,0.88659628918746,608,608,1.0
natural_tenant_rotation_gap,16,480,480,6252,5840,0.9341010876519513,1600512,1495040,0.9341010876519513,608,608,1.0
natural_tenant_rotation_gap,16,490,490,6252,5975,0.9556941778630839,1600512,1529600,0.9556941778630839,608,608,1.0
natural_tenant_rotation_gap,16,500,500,6252,6082,0.972808701215611,1600512,1556992,0.972808701215611,608,608,1.0
natural_tenant_rotation_gap,16,510,510,6252,6163,0.9857645553422905,1600512,1577728,0.9857645553422905,608,608,1.0
natural_tenant_rotation_gap,16,520,520,6252,6208,0.9929622520793346,1600512,1589248,0.9929622520793346,608,608,1.0
natural_tenant_rotation_gap,16,530,530,6252,6222,0.9952015355086372,1600512,1592832,0.9952015355086372,608,608,1.0
natural_tenant_rotation_gap,16,540,540,6252,6228,0.9961612284069098,1600512,1594368,0.9961612284069098,608,608,1.0
natural_tenant_rotation_gap,16,550,550,6252,6228,0.9961612284069098,1600512,1594368,0.9961612284069098,608,608,1.0
natural_tenant_rotation_gap,16,560,560,6252,6244,0.9987204094689699,1600512,1598464,0.9987204094689699,608,608,1.0
natural_tenant_rotation_gap,16,570,570,6252,6244,0.9987204094689699,1600512,1598464,0.9987204094689699,608,608,1.0
natural_tenant_rotation_gap,16,580,580,6252,6244,0.9987204094689699,1600512,1598464,0.9987204094689699,608,608,1.0
natural_tenant_rotation_gap,16,590,590,6252,6244,0.9987204094689699,1600512,1598464,0.9987204094689699,608,608,1.0
natural_tenant_rotation_gap,16,600,600,6252,6252,1.0,1600512,1600512,1.0,608,608,1.0
natural_tenant_rotation_gap,16,610,610,6252,6252,1.0,1600512,1600512,1.0,608,608,1.0
natural_tenant_rotation_gap,16,620,620,6252,6252,1.0,1600512,1600512,1.0,608,608,1.0
natural_tenant_rotation_gap,16,630,630,6252,6252,1.0,1600512,1600512,1.0,608,608,1.0
natural_tenant_rotation_gap,16,640,640,6252,6252,1.0,1600512,1600512,1.0,608,608,1.0
natural_tenant_rotation_gap,16,650,650,6252,6252,1.0,1600512,1600512,1.0,608,608,1.0
natural_tenant_rotation_gap,16,660,660,6252,6252,1.0,1600512,1600512,1.0,608,608,1.0
natural_tenant_rotation_gap,16,670,670,6252,6252,1.0,1600512,1600512,1.0,608,608,1.0
natural_tenant_rotation_gap,16,680,680,6252,6252,1.0,1600512,1600512,1.0,608,608,1.0
natural_tenant_rotation_gap,16,690,690,6252,6252,1.0,1600512,1600512,1.0,608,608,1.0
natural_tenant_rotation_gap,16,700,700,6252,6252,1.0,1600512,1600512,1.0,608,608,1.0
natural_tenant_rotation_gap,16,710,710,6252,6252,1.0,1600512,1600512,1.0,608,608,1.0
natural_tenant_rotation_gap,16,720,720,6252,6252,1.0,1600512,1600512,1.0,608,608,1.0
natural_tenant_rotation_gap,16,730,730,6252,6252,1.0,1600512,1600512,1.0,608,608,1.0
natural_tenant_rotation_gap,16,740,740,6252,6252,1.0,1600512,1600512,1.0,608,608,1.0
natural_tenant_rotation_gap,16,750,750,6252,6252,1.0,1600512,1600512,1.0,608,608,1.0
natural_tenant_rotation_gap,16,760,760,6252,6252,1.0,1600512,1600512,1.0,608,608,1.0
natural_tenant_rotation_gap,16,770,770,6252,6252,1.0,1600512,1600512,1.0,608,608,1.0
natural_tenant_rotation_gap,16,780,780,6252,6252,1.0,1600512,1600512,1.0,608,608,1.0
natural_tenant_rotation_gap,16,790,790,6252,6252,1.0,1600512,1600512,1.0,608,608,1.0
natural_tenant_rotation_gap,16,800,800,6252,6252,1.0,1600512,1600512,1.0,608,608,1.0
natural_tenant_rotation_gap,16,full,640,6252,6252,1.0,1600512,1600512,1.0,608,608,1.0
natural_periodic_refinement_gap,16,1,1,540,0,0.0,138240,0,0.0,108,0,0.0
natural_periodic_refinement_gap,16,10,10,540,0,0.0,138240,0,0.0,108,0,0.0
natural_periodic_refinement_gap,16,20,20,540,0,0.0,138240,0,0.0,108,0,0.0
natural_periodic_refinement_gap,16,30,30,540,0,0.0,138240,0,0.0,108,0,0.0
natural_periodic_refinement_gap,16,40,40,540,0,0.0,138240,0,0.0,108,0,0.0
natural_periodic_refinement_gap,16,50,50,540,0,0.0,138240,0,0.0,108,0,0.0
natural_periodic_refinement_gap,16,60,60,540,0,0.0,138240,0,0.0,108,0,0.0
natural_periodic_refinement_gap,16,70,70,540,0,0.0,138240,0,0.0,108,0,0.0
natural_periodic_refinement_gap,16,80,80,540,108,0.2,138240,27648,0.2,108,108,1.0
natural_periodic_refinement_gap,16,90,90,540,108,0.2,138240,27648,0.2,108,108,1.0
natural_periodic_refinement_gap,16,100,100,540,108,0.2,138240,27648,0.2,108,108,1.0
natural_periodic_refinement_gap,16,110,110,540,108,0.2,138240,27648,0.2,108,108,1.0
natural_periodic_refinement_gap,16,120,120,540,108,0.2,138240,27648,0.2,108,108,1.0
natural_periodic_refinement_gap,16,130,130,540,108,0.2,138240,27648,0.2,108,108,1.0
natural_periodic_refinement_gap,16,140,140,540,108,0.2,138240,27648,0.2,108,108,1.0
natural_periodic_refinement_gap,16,150,150,540,204,0.37777777777777777,138240,52224,0.37777777777777777,108,108,1.0
natural_periodic_refinement_gap,16,160,160,540,204,0.37777777777777777,138240,52224,0.37777777777777777,108,108,1.0
natural_periodic_refinement_gap,16,170,170,540,204,0.37777777777777777,138240,52224,0.37777777777777777,108,108,1.0
natural_periodic_refinement_gap,16,180,180,540,204,0.37777777777777777,138240,52224,0.37777777777777777,108,108,1.0
natural_periodic_refinement_gap,16,190,190,540,204,0.37777777777777777,138240,52224,0.37777777777777777,108,108,1.0
natural_periodic_refinement_gap,16,200,200,540,204,0.37777777777777777,138240,52224,0.37777777777777777,108,108,1.0
natural_periodic_refinement_gap,16,210,210,540,204,0.37777777777777777,138240,52224,0.37777777777777777,108,108,1.0
natural_periodic_refinement_gap,16,220,220,540,288,0.5333333333333333,138240,73728,0.5333333333333333,108,108,1.0
natural_periodic_refinement_gap,16,230,230,540,288,0.5333333333333333,138240,73728,0.5333333333333333,108,108,1.0
natural_periodic_refinement_gap,16,240,240,540,288,0.5333333333333333,138240,73728,0.5333333333333333,108,108,1.0
natural_periodic_refinement_gap,16,250,250,540,288,0.5333333333333333,138240,73728,0.5333333333333333,108,108,1.0
natural_periodic_refinement_gap,16,260,260,540,288,0.5333333333333333,138240,73728,0.5333333333333333,108,108,1.0
natural_periodic_refinement_gap,16,270,270,540,288,0.5333333333333333,138240,73728,0.5333333333333333,108,108,1.0
natural_periodic_refinement_gap,16,280,280,540,288,0.5333333333333333,138240,73728,0.5333333333333333,108,108,1.0
natural_periodic_refinement_gap,16,290,290,540,360,0.6666666666666666,138240,92160,0.6666666666666666,108,108,1.0
natural_periodic_refinement_gap,16,300,300,540,360,0.6666666666666666,138240,92160,0.6666666666666666,108,108,1.0
natural_periodic_refinement_gap,16,310,310,540,360,0.6666666666666666,138240,92160,0.6666666666666666,108,108,1.0
natural_periodic_refinement_gap,16,320,320,540,360,0.6666666666666666,138240,92160,0.6666666666666666,108,108,1.0
natural_periodic_refinement_gap,16,330,330,540,360,0.6666666666666666,138240,92160,0.6666666666666666,108,108,1.0
natural_periodic_refinement_gap,16,340,340,540,360,0.6666666666666666,138240,92160,0.6666666666666666,108,108,1.0
natural_periodic_refinement_gap,16,350,350,540,360,0.6666666666666666,138240,92160,0.6666666666666666,108,108,1.0
natural_periodic_refinement_gap,16,360,360,540,420,0.7777777777777778,138240,107520,0.7777777777777778,108,108,1.0
natural_periodic_refinement_gap,16,370,370,540,420,0.7777777777777778,138240,107520,0.7777777777777778,108,108,1.0
natural_periodic_refinement_gap,16,380,380,540,420,0.7777777777777778,138240,107520,0.7777777777777778,108,108,1.0
natural_periodic_refinement_gap,16,390,390,540,420,0.7777777777777778,138240,107520,0.7777777777777778,108,108,1.0
natural_periodic_refinement_gap,16,400,400,540,420,0.7777777777777778,138240,107520,0.7777777777777778,108,108,1.0
natural_periodic_refinement_gap,16,410,410,540,420,0.7777777777777778,138240,107520,0.7777777777777778,108,108,1.0
natural_periodic_refinement_gap,16,420,420,540,420,0.7777777777777778,138240,107520,0.7777777777777778,108,108,1.0
natural_periodic_refinement_gap,16,430,430,540,420,0.7777777777777778,138240,107520,0.7777777777777778,108,108,1.0
natural_periodic_refinement_gap,16,440,440,540,468,0.8666666666666667,138240,119808,0.8666666666666667,108,108,1.0
natural_periodic_refinement_gap,16,450,450,540,468,0.8666666666666667,138240,119808,0.8666666666666667,108,108,1.0
natural_periodic_refinement_gap,16,460,460,540,468,0.8666666666666667,138240,119808,0.8666666666666667,108,108,1.0
natural_periodic_refinement_gap,16,470,470,540,468,0.8666666666666667,138240,119808,0.8666666666666667,108,108,1.0
natural_periodic_refinement_gap,16,480,480,540,468,0.8666666666666667,138240,119808,0.8666666666666667,108,108,1.0
natural_periodic_refinement_gap,16,490,490,540,468,0.8666666666666667,138240,119808,0.8666666666666667,108,108,1.0
natural_periodic_refinement_gap,16,500,500,540,468,0.8666666666666667,138240,119808,0.8666666666666667,108,108,1.0
natural_periodic_refinement_gap,16,510,510,540,504,0.9333333333333333,138240,129024,0.9333333333333333,108,108,1.0
natural_periodic_refinement_gap,16,520,520,540,504,0.9333333333333333,138240,129024,0.9333333333333333,108,108,1.0
natural_periodic_refinement_gap,16,530,530,540,504,0.9333333333333333,138240,129024,0.9333333333333333,108,108,1.0
natural_periodic_refinement_gap,16,540,540,540,504,0.9333333333333333,138240,129024,0.9333333333333333,108,108,1.0
natural_periodic_refinement_gap,16,550,550,540,504,0.9333333333333333,138240,129024,0.9333333333333333,108,108,1.0
natural_periodic_refinement_gap,16,560,560,540,504,0.9333333333333333,138240,129024,0.9333333333333333,108,108,1.0
natural_periodic_refinement_gap,16,570,570,540,504,0.9333333333333333,138240,129024,0.9333333333333333,108,108,1.0
natural_periodic_refinement_gap,16,580,580,540,528,0.9777777777777777,138240,135168,0.9777777777777777,108,108,1.0
natural_periodic_refinement_gap,16,590,590,540,528,0.9777777777777777,138240,135168,0.9777777777777777,108,108,1.0
natural_periodic_refinement_gap,16,600,600,540,528,0.9777777777777777,138240,135168,0.9777777777777777,108,108,1.0
natural_periodic_refinement_gap,16,610,610,540,528,0.9777777777777777,138240,135168,0.9777777777777777,108,108,1.0
natural_periodic_refinement_gap,16,620,620,540,528,0.9777777777777777,138240,135168,0.9777777777777777,108,108,1.0
natural_periodic_refinement_gap,16,630,630,540,528,0.9777777777777777,138240,135168,0.9777777777777777,108,108,1.0
natural_periodic_refinement_gap,16,640,640,540,528,0.9777777777777777,138240,135168,0.9777777777777777,108,108,1.0
natural_periodic_refinement_gap,16,650,650,540,540,1.0,138240,138240,1.0,108,108,1.0
natural_periodic_refinement_gap,16,660,660,540,540,1.0,138240,138240,1.0,108,108,1.0
natural_periodic_refinement_gap,16,670,670,540,540,1.0,138240,138240,1.0,108,108,1.0
natural_periodic_refinement_gap,16,680,680,540,540,1.0,138240,138240,1.0,108,108,1.0
natural_periodic_refinement_gap,16,690,690,540,540,1.0,138240,138240,1.0,108,108,1.0
natural_periodic_refinement_gap,16,700,700,540,540,1.0,138240,138240,1.0,108,108,1.0
natural_periodic_refinement_gap,16,710,710,540,540,1.0,138240,138240,1.0,108,108,1.0
natural_periodic_refinement_gap,16,720,720,540,540,1.0,138240,138240,1.0,108,108,1.0
natural_periodic_refinement_gap,16,730,730,540,540,1.0,138240,138240,1.0,108,108,1.0
natural_periodic_refinement_gap,16,740,740,540,540,1.0,138240,138240,1.0,108,108,1.0
natural_periodic_refinement_gap,16,750,750,540,540,1.0,138240,138240,1.0,108,108,1.0
natural_periodic_refinement_gap,16,760,760,540,540,1.0,138240,138240,1.0,108,108,1.0
natural_periodic_refinement_gap,16,770,770,540,540,1.0,138240,138240,1.0,108,108,1.0
natural_periodic_refinement_gap,16,780,780,540,540,1.0,138240,138240,1.0,108,108,1.0
natural_periodic_refinement_gap,16,790,790,540,540,1.0,138240,138240,1.0,108,108,1.0
natural_periodic_refinement_gap,16,800,800,540,540,1.0,138240,138240,1.0,108,108,1.0
natural_periodic_refinement_gap,16,full,720,540,540,1.0,138240,138240,1.0,108,108,1.0
