phase,batch_size,k_blocks,prefix_tokens,cache_bytes,method,wall_mean_ms,wall_trimmed_mean_ms,wall_p50_ms,wall_p95_ms,wall_std_ms,cuda_mean_ms,cuda_trimmed_mean_ms,cuda_p50_ms,cuda_p95_ms,cuda_std_ms
coarse,1,1,16,917504,HBM_reuse,11.182937858393416,11.093385601998307,11.087871011113748,11.602788600430358,0.2592490897784398,11.174404689243861,11.085043334960938,11.079008102416992,11.593849945068358,0.25909520065871355
coarse,1,1,16,917504,DRAM_fetch,12.377495852498603,12.377499995636754,12.384240995743312,12.419782094366383,0.03202799276317374,12.368681090218681,12.368780708312988,12.375103950500488,12.411248111724854,0.03234083709753644
coarse,1,1,16,917504,SSD_fetch,14.014292712090537,13.978419997147284,13.977467999211513,14.217855197784957,0.12049367700405643,14.005385262625557,13.969510459899903,13.968352317810059,14.20910749435425,0.12048078099220548
coarse,1,1,16,917504,recompute,22.534870715129987,22.423502200399525,22.382120005204342,23.06443830311764,0.31311152885786775,22.52556800842285,22.41455993652344,22.373472213745117,23.05395545959473,0.31237525497043794
coarse,1,10,160,9175040,HBM_reuse,11.242462856379072,11.244134599110112,11.248388997046277,11.276637398987077,0.027619339366531572,11.233974729265485,11.23583984375,11.239168167114258,11.267731189727783,0.027006373551764027
coarse,1,10,160,9175040,DRAM_fetch,13.398819715283546,13.388698600465432,13.389355008257553,13.481882108317222,0.052568701834805644,13.390080043247767,13.379763221740722,13.380191802978516,13.47374439239502,0.05284279277266651
coarse,1,10,160,9175040,SSD_fetch,15.758285147187832,15.68482720758766,15.608758010785095,16.22934049955802,0.2844124288836311,15.749311992100306,15.675910568237304,15.600000381469727,16.221542072296142,0.2851759998364786
coarse,1,10,160,9175040,recompute,22.531021858282788,22.52827580086887,22.53171599295456,22.575602399592753,0.030831156348650676,22.52231298174177,22.519430541992186,22.523040771484375,22.567781829833983,0.03134014442559379
coarse,1,20,320,18350080,HBM_reuse,11.294436142114657,11.242027598200366,11.261474006460048,11.590793702634983,0.183286999080245,11.285490308489118,11.233427238464355,11.252960205078125,11.580416011810303,0.1825196517772917
coarse,1,20,320,18350080,DRAM_fetch,13.998099715016517,14.004358000238426,14.003700998728164,14.056344697019085,0.056153113977604925,13.989503996712822,13.995648002624511,13.995136260986328,14.048191928863526,0.05626147332287713
coarse,1,20,320,18350080,SSD_fetch,18.110317999214335,18.050200599827804,17.987434010137804,18.545046501094475,0.2618988612309445,18.101307460239955,18.040972900390624,17.978111267089844,18.536790084838866,0.26232101369754757
coarse,1,20,320,18350080,recompute,25.923293431073294,25.918139202985913,25.91877400118392,25.969319106661715,0.02862745368955919,25.914367948259628,25.90906867980957,25.909759521484375,25.96036834716797,0.028550930958283108
coarse,1,30,480,27525120,HBM_reuse,11.33519442893365,11.335148403304629,11.331622008583508,11.36928639607504,0.02352517138422917,11.326363563537598,11.326368141174317,11.324224472045898,11.360169696807862,0.02343236885986988
coarse,1,30,480,27525120,DRAM_fetch,14.81807100104301,14.785150001989678,14.797691008425318,14.980885098339058,0.10003470421751481,14.809097153799874,14.775935935974122,14.788512229919434,14.97272958755493,0.10049844413259401
coarse,1,30,480,27525120,SSD_fetch,20.564675146098516,20.52982600289397,20.466164001845755,20.94908480066806,0.24423421684658544,20.55552019391741,20.520710372924803,20.45644760131836,20.94019889831543,0.24441691763383872
coarse,1,30,480,27525120,recompute,26.465408572611132,26.467227400280535,26.467112998943776,26.50349800242111,0.029512478174931158,26.456438882010325,26.458354949951172,26.45792007446289,26.494378089904785,0.02951584600456987
coarse,1,40,640,36700160,HBM_reuse,11.292349711376508,11.290832798113115,11.286515000392683,11.342239991063252,0.032944033805519204,11.283561297825404,11.282137680053712,11.278783798217773,11.333296394348144,0.03295692748878316
coarse,1,40,640,36700160,DRAM_fetch,15.806091716513038,15.759168402291834,15.731933992356062,16.139717200712766,0.19396328308781263,15.797001021248954,15.75047664642334,15.723103523254395,16.12994251251221,0.19363776627483867
coarse,1,40,640,36700160,SSD_fetch,23.030491138342768,22.9859733954072,22.98489399254322,23.677434895944316,0.42652844597881345,23.020781653267996,22.976153564453124,22.973920822143555,23.668304252624512,0.4267392576883534
coarse,1,40,640,36700160,recompute,29.984609855871117,29.979961598291993,29.986160006956197,30.067038600100204,0.05493530004073555,29.975840159824916,29.971020889282226,29.977344512939453,30.057754135131837,0.05453044043614234
coarse,1,50,800,45875200,HBM_reuse,11.326508573672202,11.277765201521106,11.277740995865315,11.584779302938841,0.15101473121366266,11.31753144945417,11.269273567199708,11.26854419708252,11.574077033996582,0.1499492458551307
coarse,1,50,800,45875200,DRAM_fetch,16.230777999485976,16.171944598318078,16.16946898866445,16.567350398690905,0.2013680295835548,16.222052437918528,16.163027191162108,16.160736083984375,16.559280014038087,0.20173688007544466
coarse,1,50,800,45875200,SSD_fetch,28.786712282453664,28.77227679709904,28.828255002736114,29.32390529604163,0.3762453586164101,28.77721623011998,28.762867736816407,28.81808090209961,29.314185333251952,0.37614608504401603
coarse,1,50,800,45875200,recompute,34.367421571265105,34.29678939864971,34.33887200662866,34.95964030153118,0.36811992615788225,34.35351780482701,34.280633544921876,34.32979202270508,34.9403881072998,0.36665933021607594
coarse,1,60,960,55050240,HBM_reuse,11.317887287337467,11.31785360048525,11.315227005979978,11.38010990980547,0.044880567936253946,11.30877263205392,11.308723258972169,11.305952072143555,11.371088027954102,0.044909602077995533
coarse,1,60,960,55050240,DRAM_fetch,21.949154857013905,18.24404479993973,18.254201000672765,36.53976270434212,9.133013462941223,21.940580368041992,18.235052871704102,18.244735717773438,36.53255615234373,9.133870187358788
coarse,1,60,960,55050240,SSD_fetch,27.46043585856179,27.303147601196542,27.291388003504835,28.279063299123663,0.4924202028194689,27.451291220528738,27.293881225585938,27.282175064086914,28.270650100708004,0.4928223346055511
coarse,1,60,960,55050240,recompute,38.297210146473454,38.28904400579631,38.300728003378026,38.41043410211569,0.07353550597059755,38.287665775844026,38.27989730834961,38.291358947753906,38.40138130187988,0.07411025992536026
coarse,1,70,1120,64225280,HBM_reuse,11.152036716729137,11.155174003215507,11.149947997182608,11.208622003323399,0.04326824491975756,11.143469674246651,11.146732711791993,11.141119956970215,11.19970874786377,0.043208147497153335
coarse,1,70,1120,64225280,DRAM_fetch,18.436291855843074,18.437062995508313,18.469265996827744,18.507567002961878,0.06173455571918093,18.42728696550642,18.428160095214842,18.45929527282715,18.498554229736328,0.06189237015395104
coarse,1,70,1120,64225280,SSD_fetch,29.877284427389636,29.84929099911824,29.768288994091563,30.906236795999575,0.6803521061763236,29.867835453578405,29.839731216430664,29.758943557739258,30.897436714172365,0.6808012587179689
coarse,1,70,1120,64225280,recompute,42.15612228394353,42.13241239776835,42.11184699670412,42.371515900595114,0.13231090703625925,42.1470217023577,42.12344970703125,42.10367965698242,42.36255645751953,0.13249543285354504
coarse,1,80,1280,73400320,HBM_reuse,11.313932432260897,11.255087604513392,11.215221995371394,11.676507603260688,0.21477823827443226,11.304854801722936,11.245900726318359,11.206463813781738,11.665961360931396,0.2138145412046909
coarse,1,80,1280,73400320,DRAM_fetch,19.4788320014985,19.208915199851617,19.040929997572675,20.976718298334163,0.8932836273585653,19.469024385724747,19.199251556396483,19.03094482421875,20.966147804260252,0.8926803677130204
coarse,1,80,1280,73400320,SSD_fetch,31.704453570585297,31.654947198694572,31.886958997347392,32.395776399062015,0.49842285724061863,31.694404329572404,31.645068740844728,31.874975204467773,32.38491096496582,0.49757391259249895
coarse,1,80,1280,73400320,recompute,47.41731428241889,47.394041999359615,47.36351400788408,47.763315391785,0.24235282229399469,47.40560041155134,47.38343734741211,47.34931182861328,47.75047149658203,0.2423850761165958
coarse,1,90,1440,82575360,HBM_reuse,11.24455914707921,11.251733603421599,11.263428008533083,11.32522040134063,0.0740997477064624,11.23526396070208,11.242950248718262,11.258784294128418,11.31401605606079,0.0737691347944413
coarse,1,90,1440,82575360,DRAM_fetch,21.25532714541935,21.05106040253304,20.761335006682202,23.00514750095317,1.1237284039328703,21.244388307843888,21.040729141235353,20.751455307006836,22.992851066589356,1.1233662343456785
coarse,1,90,1440,82575360,SSD_fetch,35.490164429315236,33.92591880110558,34.09013099735603,42.412607496953555,4.24505824239162,35.48001371111189,33.91591110229492,34.079200744628906,42.40221633911132,4.244683233334929
coarse,1,90,1440,82575360,recompute,50.531112855034216,50.55503779731225,50.62154300685506,50.818518905725796,0.2517666048257637,50.52176557268415,50.54567184448242,50.611297607421875,50.809037399291995,0.2515701251516822
coarse,1,100,1600,91750400,HBM_reuse,11.17715157202578,11.174882398336194,11.156562992255203,11.224728904198855,0.03475177134657476,11.168283462524414,11.166438484191895,11.149344444274902,11.215727710723877,0.03488326341717093
coarse,1,100,1600,91750400,DRAM_fetch,21.432581141458027,21.309007398667745,21.38112799730152,22.201443393714726,0.48147894598137403,21.423076629638672,21.299871826171874,21.371519088745117,22.191088676452637,0.48084028583172606
coarse,1,100,1600,91750400,SSD_fetch,36.78303457439012,36.50629460171331,36.306524998508394,38.959546109254006,1.2885693470717803,36.77284622192383,36.49670486450195,36.29692840576172,38.94715576171875,1.2874347576415843
coarse,1,100,1600,91750400,recompute,58.4418988582911,58.493160404032096,58.50650099455379,58.75655519776046,0.29869772685144486,58.43200956072126,58.48325805664062,58.494720458984375,58.746611785888675,0.29852481132293834
coarse,1,110,1760,100925440,HBM_reuse,11.217113571806944,11.220025602960959,11.21902500744909,11.260418196616229,0.035710403055712464,11.20857606615339,11.211123275756837,11.210368156433105,11.253036403656006,0.035989915188732347
coarse,1,110,1760,100925440,DRAM_fetch,22.878601853985206,22.81354759761598,22.754081001039594,23.262821095704567,0.2312972045076631,22.868850435529435,22.804115295410156,22.745792388916016,23.252016067504883,0.23069164842009296
coarse,1,110,1760,100925440,SSD_fetch,38.359700003638864,38.3096738049062,38.36477799632121,39.238807003130205,0.6147329656639905,38.3502082824707,38.30023727416992,38.356929779052734,39.22911605834961,0.6147252359163647
coarse,1,110,1760,100925440,recompute,59.90749699828614,59.90160699584521,60.00987799779978,60.20309200248448,0.2332389832638301,59.89740807669504,59.89167404174805,59.99990463256836,60.1931266784668,0.23325659425796255
coarse,1,120,1920,110100480,HBM_reuse,11.5110368580125,11.432205201708712,11.432218001573347,11.919300803856459,0.24888925759489866,11.50103759765625,11.422572708129882,11.422431945800781,11.9083101272583,0.24781208762328266
coarse,1,120,1920,110100480,DRAM_fetch,24.446489570047042,24.438359797932208,24.43675599351991,24.66607859969372,0.1536340500423985,24.436644417898997,24.428620910644533,24.428607940673828,24.656085968017578,0.15364046812359322
coarse,1,120,1920,110100480,SSD_fetch,41.1159108584148,41.03128680435475,40.8862899930682,42.12968589854427,0.6770792257820084,41.10518428257534,41.02047424316406,40.87587356567383,42.119042968749994,0.6768250834049279
coarse,1,120,1920,110100480,recompute,67.59113071478039,67.62878519948572,67.6793530001305,67.75517279893393,0.1816757602136146,67.5796149117606,67.61686859130859,67.66738891601562,67.74509658813477,0.1823103230070039
coarse,1,130,2080,119275520,HBM_reuse,12.711239284336832,11.357077601132914,11.362769000697881,18.099237595743027,3.370636379663951,12.702020645141602,11.347603225708008,11.353792190551758,18.09087705612182,3.371225605690383
coarse,1,130,2080,119275520,DRAM_fetch,33.42667056962715,29.682209197198972,24.715634994208813,57.25562180159613,13.85121437434533,33.41607311793736,29.671795272827147,24.703168869018555,57.24559288024901,13.851599169192783
coarse,1,130,2080,119275520,SSD_fetch,42.960550858489505,42.8416123992065,42.655544995795935,43.997084905277006,0.634298364470643,42.95032773699079,42.83180236816406,42.64704132080078,43.98534812927246,0.6335689039732464
coarse,1,130,2080,119275520,recompute,70.38849671204973,70.43956099951174,70.28029899811372,71.12014109152369,0.5960891224807335,70.37857818603516,70.4296646118164,70.27069091796875,71.11012420654296,0.5960262757398532
coarse,1,140,2240,128450560,HBM_reuse,11.319913142610208,11.282303999178112,11.27445099700708,11.524838804325555,0.12518196797906614,11.311076709202357,11.273676872253418,11.265024185180664,11.51545295715332,0.12509188955413042
coarse,1,140,2240,128450560,DRAM_fetch,25.24470871347668,25.136761800968088,25.133160001132637,25.811178097501397,0.3455807044516166,25.234710693359375,25.126700592041015,25.122848510742188,25.80168056488037,0.34593029445966733
coarse,1,140,2240,128450560,SSD_fetch,46.63195300132169,45.34689120191615,45.34116599825211,52.39708160079316,3.5639998161365414,46.62107903616769,45.3359489440918,45.33097457885742,52.38545684814452,3.563941601914575
coarse,1,140,2240,128450560,recompute,73.83409185526294,73.82296360156033,73.68365899310447,74.48434239486232,0.4712637866975995,73.82267761230469,73.81217193603516,73.67155456542969,74.47138061523438,0.47055382910458693
coarse,1,150,2400,137625600,HBM_reuse,11.383180142729543,11.351952800760046,11.359454991179518,11.5609925967874,0.10997643890839977,11.374422754560198,11.343308639526366,11.350496292114258,11.551647853851318,0.10984613233850717
coarse,1,150,2400,137625600,DRAM_fetch,25.644061573465088,25.54798600031063,25.617740000598133,26.152761503180955,0.3123658194525683,25.634743009294784,25.538816070556642,25.60748863220215,26.14304046630859,0.31199631355796076
coarse,1,150,2400,137625600,SSD_fetch,47.29045614450505,47.16207140299957,46.8299729982391,48.93075220461469,1.0819762198676552,47.2807867867606,47.152890014648435,46.82032012939453,48.920148086547854,1.0817668778236913
coarse,1,150,2400,137625600,recompute,80.10654242908848,80.04731679975521,79.93401899875607,80.76742879929952,0.43217539441303615,80.09680938720703,80.03728637695312,79.92479705810547,80.75871353149415,0.43230179438982425
coarse,1,160,2560,146800640,HBM_reuse,11.209407858716856,11.205436199088581,11.19677399401553,11.264223711623345,0.035068226541836445,11.200841086251396,11.197056007385253,11.188096046447754,11.255202865600586,0.0347952187441584
coarse,1,160,2560,146800640,DRAM_fetch,27.003360571273202,26.8646563985385,26.842742998269387,27.687988698016852,0.40894393228592,26.993586131504603,26.85525131225586,26.832767486572266,27.676860427856447,0.4082496006263969
coarse,1,160,2560,146800640,SSD_fetch,48.756686858333914,48.385729201254435,48.330506004276685,51.06656230054796,1.4266161136012767,48.744621821812224,48.374419403076175,48.31401443481445,51.05707206726074,1.4281770137893017
coarse,1,160,2560,146800640,recompute,83.75520342711492,83.83611959870905,84.08039400819689,84.44254989881301,0.7008051522785007,83.74642617361886,83.82752532958985,84.07254028320312,84.43312911987304,0.7006687893171875
coarse,1,170,2720,155975680,HBM_reuse,11.176333714891891,11.166788602713495,11.14351900469046,11.332028394099325,0.09785250316500227,11.167643410818917,11.158240127563477,11.134143829345703,11.323068618774414,0.09779476226902868
coarse,1,170,2720,155975680,DRAM_fetch,28.62143971599705,28.625474002910778,28.622951009310782,28.734760197403375,0.08804712822660908,28.61184937613351,28.615526580810545,28.613088607788086,28.726608467102054,0.08872202260471886
coarse,1,170,2720,155975680,SSD_fetch,50.65791271044873,50.17331339477096,49.89030500291847,53.70858779933769,1.8056471707691768,50.64679718017578,50.16343612670899,49.880126953125,53.69286727905273,1.8030590007793292
coarse,1,170,2720,155975680,recompute,89.47734099638183,88.43670299684163,88.30851600214373,94.04993119387655,2.74131850243855,89.46831948416573,88.42793579101563,88.29974365234375,94.04332275390625,2.7427767654303996
coarse,1,180,2880,165150720,HBM_reuse,11.743453285557084,11.709711796720512,11.695904002408497,12.017450403072871,0.1653117110019619,11.73590864453997,11.702700805664062,11.687071800231934,12.010985565185546,0.16584648771521115
coarse,1,180,2880,165150720,DRAM_fetch,27.8607784275664,27.833261198247783,27.851375998579897,28.17868699785322,0.20479669686388935,27.852502822875977,27.824364852905273,27.842304229736328,28.173010444641115,0.20611092268539152
coarse,1,180,2880,165150720,SSD_fetch,69.55602256805703,58.711117596249096,56.174168988945894,116.36653769528488,28.62659189956892,69.54624557495117,58.70140151977539,56.16438293457031,116.35664787292475,28.62661562355272
coarse,1,180,2880,165150720,recompute,93.12648299965076,93.1332243984798,93.15276799316052,93.51451840630034,0.3012351146881133,93.11759512765067,93.1239990234375,93.14425659179688,93.50576553344726,0.30123032067903033
coarse,1,190,3040,174325760,HBM_reuse,11.25006100171179,11.248061203514226,11.2426800042158,11.313134399824776,0.043119743307836064,11.24141720363072,11.239161682128906,11.23356819152832,11.305414390563964,0.043452348728530085
coarse,1,190,3040,174325760,DRAM_fetch,31.184144002119346,31.17169940378517,31.18043100403156,31.295437195512932,0.06961284646654232,31.17396572657994,31.1611328125,31.169984817504883,31.286861038208006,0.07043259021533196
coarse,1,190,3040,174325760,SSD_fetch,58.86977657168505,58.773802197538316,59.04346000170335,60.290896506921854,0.9676355598559098,58.85823059082031,58.76150360107422,59.03327941894531,60.28183403015137,0.9688023455925233
coarse,1,190,3040,174325760,recompute,97.19171128900987,97.1804888045881,97.17666200594977,98.1600072074798,0.6737664279927363,97.18293871198382,97.17146759033203,97.16799926757812,98.15125732421876,0.6735600758055313
coarse,1,200,3200,183500800,HBM_reuse,11.695576284962174,11.465033001150005,11.167873002705164,13.231086696032435,0.8995498738102226,11.685769217354911,11.45661449432373,11.16198444366455,13.216166400909422,0.8969808633739621
coarse,1,200,3200,183500800,DRAM_fetch,31.857306145996386,31.78474820451811,31.758490003994666,32.203937307349406,0.20309524381563193,31.847314017159597,31.774303817749022,31.748319625854492,32.19539089202881,0.20398960283240694
coarse,1,200,3200,183500800,SSD_fetch,61.755193572025746,61.80747720063664,62.07332300255075,63.915246301621664,1.6880513185562545,61.74203436715262,61.792658996582034,62.061279296875,63.90636520385742,1.6891782015911176
coarse,1,200,3200,183500800,recompute,108.93733199918643,108.68137259967625,108.66001300746575,110.31667500501499,0.8518747592106496,108.92800903320312,108.67180786132812,108.64630126953125,110.30791778564452,0.8520845138639125
coarse,1,210,3360,192675840,HBM_reuse,11.21851014405755,11.213341404800303,11.208217998500913,11.300353295519017,0.052507580402552594,11.209645816258021,11.20374412536621,11.195808410644531,11.293839836120606,0.05341885923537026
coarse,1,210,3360,192675840,DRAM_fetch,32.78060256603307,32.77826099365484,32.789826989755966,32.864729191351216,0.058475127142098134,32.77089364188058,32.768262481689455,32.77964782714844,32.85618629455566,0.05894191965140075
coarse,1,210,3360,192675840,SSD_fetch,58.72168956973058,58.48258059704676,58.424606002517976,61.16195089998655,1.4849374578205998,58.71215547834124,58.473043060302736,58.414527893066406,61.15228881835937,1.484926642612986
coarse,1,210,3360,192675840,recompute,107.5464521480691,107.55551020556595,107.44547701324336,108.66099290724378,0.8889330918030364,107.53801945277623,107.54682769775391,107.43663787841797,108.65333709716796,0.8891388610721641
coarse,1,220,3520,201850880,HBM_reuse,11.311860570068736,11.250894799013622,11.24617300229147,11.579137296939734,0.16309851082497817,11.303245953151158,11.24243221282959,11.237024307250977,11.570313835144042,0.16300278590554962
coarse,1,220,3520,201850880,DRAM_fetch,31.21257957120958,31.090605797362514,31.064551993040368,31.750210899917874,0.32540046700461056,31.203163419451034,31.08089599609375,31.0545597076416,31.742073249816894,0.32613422541685383
coarse,1,220,3520,201850880,SSD_fetch,63.296735143272336,62.41323180147447,62.17163799738046,68.88935189635959,3.427612799475572,63.28541237967355,62.401285552978514,62.16243362426758,68.87975845336913,3.427282771252695
coarse,1,220,3520,201850880,recompute,114.4486600034205,113.95367640361656,112.4353909981437,119.71718310960568,3.342785405360944,114.43987165178571,113.94463958740235,112.4268798828125,119.70866088867187,3.3429359312635674
coarse,1,230,3680,211025920,HBM_reuse,11.217412285207372,11.218435998307541,11.21393199719023,11.2582697023754,0.032362229893952536,11.20873601096017,11.209791946411134,11.20473575592041,11.249494361877442,0.03261867431143826
coarse,1,230,3680,211025920,DRAM_fetch,34.82882356911432,34.698485798435286,34.65085499919951,35.420128698751796,0.34921362640392467,34.81879752022879,34.688114929199216,34.64067077636719,35.411568069458006,0.3501195841550227
coarse,1,230,3680,211025920,SSD_fetch,63.65696714575669,63.67029160319362,63.64560099609662,64.51764420053223,0.6252489166981683,63.64550018310547,63.65822219848633,63.633121490478516,64.50752105712891,0.6253964405338504
coarse,1,230,3680,211025920,recompute,118.50727014617794,117.6102820027154,116.09012400731444,124.75540180603275,3.708518238382562,118.49806104387555,117.60082550048828,116.08140563964844,124.74548034667968,3.7080921051809654
coarse,1,240,3840,220200960,HBM_reuse,11.364082001299332,11.277867999160662,11.22684399888385,11.853271409927402,0.28308843589040067,11.355309758867536,11.269612884521484,11.221504211425781,11.842761421203614,0.28215428732687087
coarse,1,240,3840,220200960,DRAM_fetch,35.136261715836426,34.786460403120145,34.43393899942748,37.25294559990289,1.2285431360855428,35.12464468819754,34.77447738647461,34.426143646240234,37.23846626281738,1.2268971681668144
coarse,1,240,3840,220200960,SSD_fetch,70.1070401430895,69.57873900246341,70.08368900278583,73.57776699936949,2.174118162650768,70.0938230242048,69.56376800537109,70.0730209350586,73.5661720275879,2.1742006166798977
coarse,1,240,3840,220200960,recompute,123.52365342667326,122.52397819829639,122.03125600353815,129.28492109494982,3.3159097840423684,123.51089368547711,122.51298522949219,122.01964569091797,129.2657958984375,3.31227195799738
coarse,1,250,4000,229376000,HBM_reuse,11.342744428215415,11.314167399541475,11.3060269941343,11.550629400881007,0.12341540672118613,11.334020614624023,11.3063232421875,11.297056198120117,11.539510440826415,0.12244375874666363
coarse,1,250,4000,229376000,DRAM_fetch,37.917362428353435,37.88676799740642,37.813998002093285,38.738073404238094,0.6601524449859913,37.905247824532644,37.87644805908203,37.803550720214844,38.71962890625,0.6583964224966747
coarse,1,250,4000,229376000,SSD_fetch,75.21884099696763,75.14115639787633,75.11846799752675,77.29551679512952,1.4053860293296594,75.20211138044085,75.12742309570312,75.09203338623047,77.27373657226562,1.4045373234293854
coarse,1,250,4000,229376000,recompute,128.75777457000888,127.82480539754033,127.32493400108069,134.7041572953458,3.5145816738595514,128.74549538748605,127.81324768066406,127.31321716308594,134.69125823974608,3.5144181420543177
coarse,1,260,4160,238551040,HBM_reuse,11.329220285655797,11.326631999691017,11.331864996463992,11.364342003071215,0.023811811991987866,11.31988103049142,11.318099021911621,11.322943687438965,11.353475379943848,0.02289666464814798
coarse,1,260,4160,238551040,DRAM_fetch,41.06211042588776,41.09492979769129,41.1331329960376,41.455294290790334,0.33477390929259043,41.050738198416575,41.08382034301758,41.121952056884766,41.44484176635743,0.33562387394867055
coarse,1,260,4160,238551040,SSD_fetch,77.09250628457605,75.17248580115847,73.97636800305918,88.65449159347916,6.733352636138893,77.08048030308315,75.16016693115235,73.96524810791016,88.64251708984375,6.733312869384959
coarse,1,260,4160,238551040,recompute,136.75555557503165,136.31168700521812,135.90328001009766,140.16089650249342,2.0088866904893363,136.7428959437779,136.29925231933595,135.8896942138672,140.1487075805664,2.009216597450393
coarse,1,270,4320,247726080,HBM_reuse,11.244319998825501,11.218572000507265,11.218372004805133,11.402249494858552,0.09715910199296711,11.235771315438408,11.210297393798829,11.212287902832031,11.393027114868163,0.09702496949258285
coarse,1,270,4320,247726080,DRAM_fetch,36.20398042715221,36.18615419836715,36.23107100429479,36.569390597287565,0.2517408006954314,36.193284715924946,36.17648010253906,36.22051239013672,36.555612564086914,0.2505844000947913
coarse,1,270,4320,247726080,SSD_fetch,75.4208427159548,75.49649660068098,74.7205009975005,79.7674341025413,3.3122278571236836,75.40925925118583,75.48430938720703,74.69910430908203,79.75780715942383,3.3129292279978686
coarse,1,270,4320,247726080,recompute,137.86934328423482,137.12733679858502,136.36433699866757,143.1573943074909,3.166120360106658,137.85708618164062,137.1148712158203,136.35177612304688,143.14594879150388,3.1664403428039196
coarse,1,280,4480,256901120,HBM_reuse,11.28353457274248,11.280283599626273,11.2797089968808,11.322376407042611,0.024511948336614825,11.275030953543526,11.27131519317627,11.2706880569458,11.315753936767578,0.025503575391149846
coarse,1,280,4480,256901120,DRAM_fetch,37.348778001614846,37.229656003182754,37.188597008935176,37.92949520429829,0.33946849534692813,37.33937454223633,37.22048721313477,37.1789436340332,37.92011985778809,0.33934392083050063
coarse,1,280,4480,256901120,SSD_fetch,77.58413942896628,77.2130641998956,75.74899100291077,82.38983950432157,3.154674336013169,77.57435498918805,77.2032257080078,75.7391357421875,82.38054580688477,3.155199232445759
coarse,1,280,4480,256901120,recompute,147.36717614453352,146.05613800231367,145.29068800038658,154.5820020022802,4.238024064316651,147.35831342424666,146.0471984863281,145.2821044921875,154.57332458496091,4.238114133448045
coarse,1,290,4640,266076160,HBM_reuse,11.235949001275003,11.237893800716847,11.248533002799377,11.280917304975446,0.03749563000871389,11.22714969090053,11.228486251831054,11.239295959472656,11.274236965179444,0.038138664930588116
coarse,1,290,4640,266076160,DRAM_fetch,39.63482571582842,39.59873499989044,39.54062701086514,40.06720190518536,0.2906163957259557,39.62360273088728,39.58859558105469,39.5305290222168,40.05137329101562,0.28846723836136734
coarse,1,290,4640,266076160,SSD_fetch,77.27345814471066,77.21794520039111,77.25216799008194,78.31962990458123,0.7070180971561527,77.2635476248605,77.20798034667969,77.2425308227539,78.30909957885743,0.7065210317783677
coarse,1,290,4640,266076160,recompute,149.16155028913636,147.47394060250372,147.4312400096096,157.11283710115822,4.781230337109291,149.15277099609375,147.4650909423828,147.4228515625,157.1043228149414,4.7813199923079495
coarse,1,300,4800,275251200,HBM_reuse,11.216021429780605,11.212820399668999,11.213562000193633,11.271278001368046,0.037141099390761434,11.207670892987933,11.204729652404785,11.204992294311523,11.262521553039551,0.03735759485849732
coarse,1,300,4800,275251200,DRAM_fetch,42.931481572200674,42.865767201874405,42.846947006182745,43.25459159153979,0.19155525542879331,42.921714782714844,42.856083679199216,42.83635330200195,43.24441070556641,0.19128628591679772
coarse,1,300,4800,275251200,SSD_fetch,77.55414085737097,77.55707079777494,77.52422500925604,78.37955389986746,0.6453828434480723,77.54290117536273,77.54531555175781,77.5035171508789,78.36958694458008,0.6453721647727688
coarse,1,300,4800,275251200,recompute,156.81358628873048,156.475447001867,155.3876629914157,160.9816436044639,2.8298613070692107,156.80511474609375,156.46602783203124,155.3790740966797,160.97398223876954,2.8298636871712883
coarse,1,310,4960,284426240,HBM_reuse,11.275528716006582,11.253600203781389,11.253189004492015,11.378435096412431,0.06133539981124807,11.266989844185966,11.24512004852295,11.246175765991211,11.369616413116454,0.061269246130155455
coarse,1,310,4960,284426240,DRAM_fetch,44.26788971302033,44.12428459909279,44.01830999995582,45.23292520461837,0.5640603019717508,44.25756399972098,44.11400375366211,44.00729751586914,45.22217063903808,0.5639591700685936
coarse,1,310,4960,284426240,SSD_fetch,84.64785914111417,84.51544659910724,84.79862300737295,87.16673709859606,1.7625913774846549,84.63177599225726,84.49937896728515,84.78556823730469,87.15655288696288,1.7645325162787149
coarse,1,310,4960,284426240,recompute,160.4778431439107,159.5174465997843,158.94597899750806,166.76958080061013,3.663388323961939,160.46521650041853,159.50437927246094,158.9331512451172,166.75585784912107,3.662494815359404
coarse,1,320,5120,293601280,HBM_reuse,11.358055714351524,11.314821999985725,11.329750996083021,11.683527598506771,0.20385152568630718,11.349170412336077,11.305273628234863,11.319840431213379,11.676637172698975,0.20493276914200004
coarse,1,320,5120,293601280,DRAM_fetch,42.80112113961617,42.75880439672619,42.484140998567455,44.03602209640667,0.9561014223346639,42.79037693568638,42.747372436523435,42.471553802490234,44.02729835510254,0.9569233401179076
coarse,1,320,5120,293601280,SSD_fetch,89.06041200056539,89.21166020154487,88.40501100348774,93.31172069796594,3.573508477642652,89.04644230433873,89.19633331298829,88.38262176513672,93.30227737426759,3.5755571812920635
coarse,1,320,5120,293601280,recompute,166.80479843385652,165.24756620638072,165.03517400997225,174.8532370038447,4.817953609852643,166.79222106933594,165.23456420898438,165.0228729248047,174.84158782958983,4.8182921072044875
coarse,1,330,5280,302776320,HBM_reuse,11.264561282587238,11.193733193795197,11.191591998795047,11.623557703569531,0.21275955882242276,11.255497251238141,11.18533763885498,11.182784080505371,11.613152122497558,0.21170466304659175
coarse,1,330,5280,302776320,DRAM_fetch,44.73992499905372,44.48836819792632,44.40717499528546,46.09235460520722,0.8177857212993317,44.72929872785296,44.4773063659668,44.3969612121582,46.08149185180664,0.8175399463487544
coarse,1,330,5280,302776320,SSD_fetch,92.05803371566746,89.0007386013167,83.47662400046829,114.51987769833067,13.265032745876615,92.04791259765625,88.99054107666015,83.46614074707031,114.51060256958007,13.265684028167222
coarse,1,330,5280,302776320,recompute,172.00356414208986,169.48637439927552,169.33485699701123,182.89922610274513,6.700226814245614,171.99333844866072,169.47616577148438,169.3233642578125,182.8883117675781,6.699691277493603
coarse,1,340,5440,311951360,HBM_reuse,11.428335856180638,11.297212197678164,11.269973998423666,12.068896001437679,0.3752062384095118,11.418848173958915,11.287520217895509,11.258912086486816,12.058025455474853,0.37423349053492944
coarse,1,340,5440,311951360,DRAM_fetch,46.182944428957335,46.165891000418924,46.21298400161322,47.083715806365944,0.6454205028130698,46.17212840488979,46.15443878173828,46.200191497802734,47.07293128967285,0.6447389231156477
coarse,1,340,5440,311951360,SSD_fetch,110.2196997131354,106.87382859759964,100.59023500070907,144.06306520104408,21.018544547109926,110.20667048863002,106.86213073730468,100.58025360107422,144.04468994140626,21.016454915762836
coarse,1,340,5440,311951360,recompute,176.98251971991598,176.49145300674718,176.17310800414998,180.7056234058109,2.3494413146668918,176.97135707310267,176.47977600097656,176.1564483642578,180.6964340209961,2.3506032293056647
coarse,1,350,5600,321126400,HBM_reuse,11.164618996969823,11.159393796697259,11.1541920050513,11.218823998933658,0.035139634829767216,11.155945096697126,11.15041275024414,11.145471572875977,11.21138229370117,0.03576258607613386
coarse,1,350,5600,321126400,DRAM_fetch,45.79045271800299,45.78180360258557,45.762674999423325,45.86128190421732,0.04471011977740338,45.78019169398716,45.77120590209961,45.75289535522461,45.85234336853028,0.04528615026488516
coarse,1,350,5600,321126400,SSD_fetch,88.32301714158218,88.27064219804015,88.02091200777795,90.81370630156016,1.753959848424672,88.31386021205357,88.26087646484375,88.01110076904297,90.80651626586913,1.754697763299504
coarse,1,350,5600,321126400,recompute,179.3873464256259,178.25845319894142,177.21929399704095,186.75015809712932,4.296054039674666,179.37730625697546,178.24774780273438,177.2105255126953,186.74166412353514,4.2962249335139315
coarse,1,360,5760,330301440,HBM_reuse,11.27753128405727,11.268942395690829,11.252337004407309,11.347028304589912,0.0425803152126619,11.268804686410087,11.26033935546875,11.243200302124023,11.33847713470459,0.04287789610826472
coarse,1,360,5760,330301440,DRAM_fetch,48.876947997736615,48.86365499696694,48.82280698802788,49.05742859846214,0.12957555152258027,48.86650957380022,48.85331802368164,48.81184005737305,49.04623298645019,0.12954292829305927
coarse,1,360,5760,330301440,SSD_fetch,92.62609156888045,92.48382979421876,92.06826498848386,95.3840652044164,1.9076342817979475,92.61698259626117,92.47505950927734,92.05814361572266,95.37408447265625,1.9079400649570875
coarse,1,360,5760,330301440,recompute,185.52899857500702,185.12661120621487,184.4326280115638,192.22810799983563,4.242912803134229,185.5206756591797,185.1182830810547,184.42428588867188,192.21970062255858,4.242923423092908
coarse,1,370,5920,339476480,HBM_reuse,11.212459139642306,11.218755197478458,11.21911899826955,11.254329893563408,0.038309764938386816,11.20377608707973,11.209875297546386,11.210335731506348,11.246624183654784,0.03865546181864352
coarse,1,370,5920,339476480,DRAM_fetch,49.13199457015643,49.12147499853745,49.11364600411616,49.25153650401626,0.07409281277758922,49.121704646519255,49.11139144897461,49.10316848754883,49.24071998596192,0.07373478836516797
coarse,1,370,5920,339476480,SSD_fetch,95.19796414159438,94.62419519841205,94.10072400351055,100.7900113996584,3.631096554712581,95.18784768240792,94.61399536132812,94.09139251708984,100.7791389465332,3.631010764968614
coarse,1,370,5920,339476480,recompute,189.74648786076744,188.16162980219815,187.05173100170214,199.56868740264326,5.662566623454821,189.73856244768416,188.15387878417968,187.04342651367188,199.56026153564454,5.66224067750124
coarse,1,380,6080,348651520,HBM_reuse,11.209269000184056,11.203474400099367,11.197950996574946,11.28529059496941,0.05100049219072143,11.200489180428642,11.194406509399414,11.18883228302002,11.277750396728514,0.05152810668529729
coarse,1,380,6080,348651520,DRAM_fetch,50.14132671723409,50.093225002638064,50.08452699985355,50.37203460087767,0.1362696716153376,50.13090297154018,50.08252868652344,50.073856353759766,50.362850189208984,0.13705117818887938
coarse,1,380,6080,348651520,SSD_fetch,99.01825042782419,95.40148919913918,94.86629099410493,115.71860299591206,10.127934231074718,99.00821903773716,95.39190368652343,94.8568344116211,115.70847854614257,10.12793026154986
coarse,1,380,6080,348651520,recompute,197.39984799733585,195.9294661966851,195.55754199973308,204.85278600244783,4.501685814161864,197.39063807896204,195.9205749511719,195.54888916015625,204.84209747314452,4.50076061404921
coarse,1,390,6240,357826560,HBM_reuse,11.241049570214402,11.227314799907617,11.240526000619866,11.33683439984452,0.060199855077072026,11.232246807643346,11.218246269226075,11.231231689453125,11.32918701171875,0.06085986473087729
coarse,1,390,6240,357826560,DRAM_fetch,51.985763427053044,51.98392379679717,51.97469699487556,52.04651050444227,0.04094851611286283,51.97555160522461,51.973836517333986,51.9637451171875,52.03679008483887,0.041447868653802095
coarse,1,390,6240,357826560,SSD_fetch,102.1684022853151,101.83989020297304,101.29347900510766,108.41996830131393,4.144538771392372,102.15778241838727,101.82895965576172,101.28364562988281,108.41092681884766,4.1449541709279485
coarse,1,390,6240,357826560,recompute,199.03635571245104,197.15055999695323,196.61122000252362,208.8242160025402,5.787228560969478,199.0279584612165,197.1419647216797,196.602783203125,208.81569519042966,5.787115894888167
coarse,1,400,6400,367001600,HBM_reuse,11.290603716458593,11.290569801349193,11.306329994113185,11.339472605322953,0.03791818473338678,11.281846863882881,11.281964683532715,11.297344207763672,11.330819416046143,0.037919120664352435
coarse,1,400,6400,367001600,DRAM_fetch,51.12251614212125,51.117943797726184,51.09041499963496,51.25306869595079,0.09091944215862523,51.11208724975586,51.10774459838867,51.07984161376953,51.24267158508301,0.09124266784034919
coarse,1,400,6400,367001600,SSD_fetch,103.76496285399688,103.49788759776857,103.36279599869158,108.13631949858973,2.9252809179688244,103.75386374337333,103.4883316040039,103.35513305664062,108.11923217773438,2.923015073020023
coarse,1,400,6400,367001600,recompute,209.2242601398279,207.64852699649055,207.03865599352866,218.12539109814676,5.198431001144246,209.21603175571985,207.64037170410157,207.0302734375,218.11700744628905,5.198353092473117
coarse,1,410,6560,376176640,HBM_reuse,11.19328556939893,11.196178998216055,11.187431999132968,11.254379898309708,0.0453663086394243,11.184589658464704,11.18725757598877,11.178560256958008,11.246777629852295,0.04583924489954117
coarse,1,410,6560,376176640,DRAM_fetch,52.03939528603639,52.03242579882499,52.050184007384814,52.104365204286296,0.04531106104006878,52.02917916434152,52.022386932373045,52.040191650390625,52.094350814819336,0.04565973853347465
coarse,1,410,6560,376176640,SSD_fetch,108.32051028306263,108.20755739696324,106.71855400141794,111.95159779745154,2.5773081748234294,108.30992998395648,108.19656372070312,106.70905303955078,111.94265213012694,2.5768853219725973
coarse,1,410,6560,376176640,recompute,210.42962328439378,208.0637665989343,207.330899007502,221.6506090975599,6.579505311282525,210.4211665562221,208.05528259277344,207.3223419189453,221.64226226806642,6.579544935454131
coarse,1,420,6720,385351680,HBM_reuse,11.215226857789926,11.21084280021023,11.195194005267695,11.29922880209051,0.059302596492175196,11.20630863734654,11.202099227905274,11.186112403869629,11.289920043945312,0.05939998064706347
coarse,1,420,6720,385351680,DRAM_fetch,54.268894999820205,54.27436879836023,54.27232399233617,54.32214420725359,0.04436105118872867,54.258171626499724,54.26375732421875,54.26076889038086,54.31159896850586,0.04448585446296578
coarse,1,420,6720,385351680,SSD_fetch,109.71391114331449,109.88973339844961,109.56851000082679,111.45459850231418,1.4931633083358855,109.7042737688337,109.88046722412109,109.55833435058594,111.4445899963379,1.4934555137825847
coarse,1,420,6720,385351680,recompute,221.21107328400416,219.90258419828024,218.10304000973701,231.15208489762153,5.882043587491106,221.2026606968471,219.89420166015626,218.09449768066406,231.14353027343748,5.881909049478211
coarse,1,430,6880,394526720,HBM_reuse,11.279476858492542,11.28573400201276,11.296317999949679,11.3154158971156,0.03469611866986672,11.270651544843401,11.276915359497071,11.28764820098877,11.306406211853027,0.03482729727841963
coarse,1,430,6880,394526720,DRAM_fetch,54.496959284214036,54.49944959837012,54.5141809998313,54.53938380378531,0.03709283042083183,54.486437116350444,54.48905029296875,54.50572967529297,54.52852821350098,0.03723838615585581
coarse,1,430,6880,394526720,SSD_fetch,111.69941585727169,111.70705980039202,111.71147300046869,113.62876030034386,1.486150827644985,111.68720027378627,111.69596862792969,111.70169830322266,113.6189582824707,1.4886924001474464
coarse,1,430,6880,394526720,recompute,223.98636171211754,222.82255399622954,221.83544898871332,233.24522470065858,5.520409262752672,223.97792271205358,222.81379089355468,221.8270721435547,233.23667602539064,5.52025538990131
coarse,1,440,7040,403701760,HBM_reuse,11.208591144947734,11.210078999283724,11.210640004719608,11.217445800139103,0.008486065523289602,11.1999910899571,11.201581001281738,11.201760292053223,11.208688354492189,0.008989824031366047
coarse,1,440,7040,403701760,DRAM_fetch,55.20837714720983,55.207231803797185,55.20124900795054,55.28549510490848,0.0517075859591126,55.19807979038784,55.19719619750977,55.19113540649414,55.27530822753906,0.052031010120906655
coarse,1,440,7040,403701760,SSD_fetch,110.03671142680105,109.70304060028866,109.50871600653045,112.99111169500975,1.8625217143445627,110.02565002441406,109.69159698486328,109.49881744384766,112.98194198608398,1.8635162272498156
coarse,1,440,7040,403701760,recompute,231.7876657159234,231.70379060029518,230.2484510000795,236.64546980144223,3.445745648310647,231.77925981794084,231.69512939453125,230.24009704589844,236.6370086669922,3.4456111248920904
coarse,1,450,7200,412876800,HBM_reuse,11.735739001388927,11.735373799456283,11.729687990737148,11.841262406960595,0.07180490372171058,11.72723661150251,11.726976203918458,11.720800399780273,11.833244514465331,0.07223344172899736
coarse,1,450,7200,412876800,DRAM_fetch,58.28566457369431,58.260619203792885,58.22909298876766,58.49416620185366,0.13338606667842426,58.27459117344448,58.24977188110351,58.21718215942383,58.483279418945315,0.1334499090294081
coarse,1,450,7200,412876800,SSD_fetch,130.606953289576,130.19998620438855,129.95495200448204,134.61805699917022,2.421406767068327,130.59615107945032,130.19091796875,129.94569396972656,134.60121459960936,2.4183658767363667
coarse,1,450,7200,412876800,recompute,234.60097943149907,234.64833800389897,233.60730201238766,240.91494590247748,4.816004645208884,234.59219360351562,234.6394012451172,233.5985870361328,240.90655364990235,4.815205795879962
coarse,1,460,7360,422051840,HBM_reuse,11.70869314436069,11.710333201335743,11.69873600883875,11.771900110761635,0.04609287879299635,11.700214794703893,11.701612663269042,11.689760208129883,11.764543914794922,0.04652037525243875
coarse,1,460,7360,422051840,DRAM_fetch,59.71904356556479,59.704334996058606,59.674203002941795,59.83269858988933,0.0721694847631656,59.7082884652274,59.69374084472656,59.66236877441406,59.82292900085449,0.07276948159257404
coarse,1,460,7360,422051840,SSD_fetch,114.9969321455241,114.25968380353879,113.52851400442887,119.64342519931961,2.6855642263746278,114.98780822753906,114.25065002441406,113.51878356933594,119.63480682373047,2.6859252606581103
coarse,1,460,7360,422051840,recompute,246.83832457230892,246.26625860109925,243.4222320007393,255.45718610665062,5.598411962135925,246.8307386125837,246.258935546875,243.41871643066406,255.44904632568358,5.598096946761682
coarse,1,470,7520,431226880,HBM_reuse,11.714447715868507,11.708445803378709,11.703324998961762,11.791584898310248,0.04949401498966524,11.705865178789411,11.69936637878418,11.6942720413208,11.78465642929077,0.05026097010391756
coarse,1,470,7520,431226880,DRAM_fetch,59.40974156796334,59.40977679565549,59.40302700037137,59.46421079715947,0.03757139125647671,59.398729051862446,59.39882202148438,59.39209747314453,59.45303115844726,0.03750410376463685
coarse,1,470,7520,431226880,SSD_fetch,135.43615799946045,135.7319255999755,135.04848101001699,139.52192028955324,3.0767215894896496,135.425297328404,135.72001953125,135.0397491455078,139.5096633911133,3.074574163687989
coarse,1,470,7520,431226880,recompute,243.8646169965588,244.0432029980002,242.86909200600348,249.34318109444575,4.205175194136776,243.85647583007812,244.03492736816406,242.8609619140625,249.33474578857422,4.204899152516728
coarse,1,480,7680,440401920,HBM_reuse,11.653256284522026,11.661901397746988,11.69802799995523,11.711989999457728,0.06132468139278265,11.644900594438825,11.653766441345216,11.689632415771484,11.702806377410887,0.06162881953200809
coarse,1,480,7680,440401920,DRAM_fetch,59.98244971436049,59.979254397330806,59.99768999754451,60.035941007663496,0.04017983326141255,59.971561431884766,59.96860809326172,59.986881256103516,60.0245979309082,0.04045379289364115
coarse,1,480,7680,440401920,SSD_fetch,137.22318071605903,136.90986340225209,137.6455720019294,141.62642939627403,2.9623374890300633,137.21327209472656,136.89952392578124,137.6343994140625,141.61643676757814,2.961897686744643
coarse,1,480,7680,440401920,recompute,253.8104794262576,253.80315399961546,255.28938999923412,259.4009180960711,4.381305807613751,253.80139814104353,253.79386291503906,255.27734375,259.39183044433594,4.380427847261647
coarse,1,490,7840,449576960,HBM_reuse,11.780902142553325,11.784184598946013,11.785501992562786,11.81075670174323,0.02508303168615275,11.77225126538958,11.775187110900879,11.776703834533691,11.803737354278564,0.025737081743111116
coarse,1,490,7840,449576960,DRAM_fetch,62.7396691436713,62.74333680048585,62.73842300288379,62.79298329609446,0.04188692899926789,62.728887285505024,62.732627868652344,62.72748947143555,62.7820743560791,0.04183823634352357
coarse,1,490,7840,449576960,SSD_fetch,144.002750996151,143.88373679539654,143.26770600746386,147.2452881949721,2.4177667663121847,143.99356733049666,143.87423400878907,143.25759887695312,147.23591461181638,2.4173845628088224
coarse,1,490,7840,449576960,recompute,259.13989914157094,258.6101207998581,258.3789229975082,264.6746488971985,3.4383532240043806,259.13175528390065,258.6021484375,258.37060546875,264.666162109375,3.4382371459722685
coarse,1,500,8000,458752000,HBM_reuse,11.714222140394018,11.715537798590958,11.71210799657274,11.743193995789625,0.022058448725592206,11.705828666687012,11.706745719909668,11.70348834991455,11.73626251220703,0.02250205902220173
coarse,1,500,8000,458752000,DRAM_fetch,62.390124429449706,62.38292859925423,62.38738099636976,62.47360329871299,0.05621851023413407,62.37969371250698,62.37267150878906,62.37635040283203,62.463882827758795,0.056699827051703
coarse,1,500,8000,458752000,SSD_fetch,142.56013914668333,142.1943290042691,141.84929900511634,149.58162560506025,4.529003640157265,142.55124991280692,142.18507385253906,141.83932495117188,149.5739273071289,4.5295302544692975
coarse,1,500,8000,458752000,recompute,265.8374622904895,265.07527340436354,264.1458540019812,274.7354738021386,5.406074846585196,265.8290056501116,265.06671752929685,264.13763427734375,274.7273864746094,5.4063113782464605
coarse,1,510,8160,467927040,HBM_reuse,11.635386285239033,11.639351400663145,11.6411880007945,11.679820403514896,0.03635220017186934,11.626994269234794,11.630668830871581,11.632512092590332,11.672585487365723,0.03671098902386819
coarse,1,510,8160,467927040,DRAM_fetch,63.012058287443196,63.01396199851297,63.03089699940756,63.081177504500374,0.05656325068788182,63.001317160470144,63.003309631347655,63.01980972290039,63.06970291137695,0.056169184116984884
coarse,1,510,8160,467927040,SSD_fetch,143.3419202845211,142.84620179969352,142.84673899237532,146.77423079992877,2.086113074720127,143.33289882114954,142.8367126464844,142.83651733398438,146.76654968261718,2.0868208394455916
coarse,1,510,8160,467927040,recompute,267.22540356942255,265.7662253972376,264.1468699875986,278.1556488989736,6.431001037175395,267.21615164620533,265.75714721679685,264.1337890625,278.145718383789,6.430616243141568
coarse,1,520,8320,477102080,HBM_reuse,11.188100715766527,11.18727640423458,11.187103998963721,11.24897090048762,0.04634480085873832,11.179259436471122,11.178636741638183,11.177760124206543,11.240320205688477,0.046624925385778004
coarse,1,520,8320,477102080,DRAM_fetch,64.03669585415628,64.03614279697649,64.04191598994657,64.1077815918834,0.050890173896695166,64.02568217686245,64.0252799987793,64.03033447265625,64.09654693603517,0.051130138469618766
coarse,1,520,8320,477102080,SSD_fetch,128.27042828679882,127.91616460017394,126.9275210070191,131.9667803007178,2.386249616407388,128.2607705252511,127.9062255859375,126.91795349121094,131.95826263427733,2.386720013768346
coarse,1,520,8320,477102080,recompute,274.9617440027318,274.494304403197,273.1880000064848,282.8309730030014,5.200104751837909,274.9535914829799,274.485888671875,273.1797180175781,282.82268981933595,5.19984364799224
coarse,1,530,8480,486277120,HBM_reuse,11.204005857247726,11.20274499990046,11.195762999705039,11.246573107200675,0.029374044333010003,11.195204598563057,11.1942720413208,11.186688423156738,11.237424278259278,0.029354301213203007
coarse,1,530,8480,486277120,DRAM_fetch,63.23419742901543,63.23021800199058,63.232622007490136,63.27852249814896,0.027695707991250297,63.22306278773716,63.21940460205078,63.22108840942383,63.26721878051758,0.027888992039508884
coarse,1,530,8480,486277120,SSD_fetch,144.33871386115374,142.49745980196167,130.58746101160068,171.5189993061358,19.9718666985379,144.32664380754744,142.48719635009766,130.5799102783203,171.49944610595702,19.9683156775636
coarse,1,530,8480,486277120,recompute,282.30551299930084,281.9258675997844,281.71157199540175,289.7752335004043,5.034563492334541,282.297354561942,281.9175109863281,281.702880859375,289.76689453125005,5.034271128740002
coarse,1,540,8640,495452160,HBM_reuse,11.689325285260566,11.68779100116808,11.687038000673056,11.727996500849258,0.02791816667246779,11.68091882978167,11.678879928588866,11.67801570892334,11.72129602432251,0.028591559719207117
coarse,1,540,8640,495452160,DRAM_fetch,65.69124071185277,65.69233959889971,65.69569499697536,65.73463090171572,0.03267442358756119,65.68034253801618,65.68160552978516,65.68486022949219,65.72339401245117,0.03269336846275126
coarse,1,540,8640,495452160,SSD_fetch,131.76758000086662,131.4375062007457,130.66216700826772,135.31730200338643,2.2952627876393925,131.75871930803572,131.42843627929688,130.65350341796875,135.3096130371094,2.2958042620531023
coarse,1,540,8640,495452160,recompute,292.5374289978728,291.566954398877,288.93617299036123,302.6984501964762,6.398280174359551,292.52911376953125,291.55824584960936,288.92791748046875,302.6903869628906,6.398372253717926
coarse,1,550,8800,504627200,HBM_reuse,11.706550000651207,11.703084403416142,11.701790004735813,11.734354094369337,0.0169976027982048,11.698258399963379,11.694476890563966,11.693280220031738,11.727126407623292,0.017546473082906033
coarse,1,550,8800,504627200,DRAM_fetch,65.66025628334111,65.6619723973563,65.6724410073366,65.71834509813925,0.047113511287321476,65.64963204520089,65.6508285522461,65.6618881225586,65.70954818725586,0.047831926970362995
coarse,1,550,8800,504627200,SSD_fetch,133.67064128189148,133.18710159801412,132.29496299754828,138.41541519359453,2.9406045469847975,133.66188267299108,133.1775909423828,132.28504943847656,138.40599670410157,2.9399096811561733
coarse,1,550,8800,504627200,recompute,291.41449157240066,290.42175759968814,287.39883500384167,301.85865569510497,6.639889445422226,291.40657697405135,290.41388549804685,287.3907165527344,301.8505615234375,6.639698479428264
coarse,1,560,8960,513802240,HBM_reuse,11.716224573319778,11.713406603666954,11.705103010172024,11.769877799088135,0.04005338994492942,11.707620756966728,11.704422569274902,11.69593620300293,11.762771224975587,0.04064083525179754
coarse,1,560,8960,513802240,DRAM_fetch,68.50826228453245,68.50551340030506,68.51257699599955,68.58122100093169,0.04869991245380352,68.49756295340401,68.49447631835938,68.50150299072266,68.56996307373048,0.048049600000207596
coarse,1,560,8960,513802240,SSD_fetch,140.09182957358593,139.46492260147352,136.60406399867497,147.35854390455643,4.956123214342205,140.0813991001674,139.45262756347657,136.5799102783203,147.35101318359375,4.957804499364247
coarse,1,560,8960,513802240,recompute,303.0973791402565,302.81884799769614,302.17867098690476,308.9935435928055,4.3397548603857805,303.08912440708707,302.8106201171875,302.17034912109375,308.9851440429687,4.339873674964996
coarse,1,570,9120,522977280,HBM_reuse,11.701549426236722,11.701578597421758,11.709263999364339,11.753678202512674,0.03891563775673903,11.692982809884208,11.693107223510742,11.700223922729492,11.745423889160156,0.03910288571195276
coarse,1,570,9120,522977280,DRAM_fetch,68.1121842873316,68.10069300117902,68.08948000252713,68.19829339947319,0.051252222149698705,68.10159192766461,68.08970489501954,68.07891082763672,68.18924484252929,0.05203975094843365
coarse,1,570,9120,522977280,SSD_fetch,141.34800643036473,141.2004148005508,140.63433698902372,144.99607420584653,2.6896884569403987,141.33907863071985,141.1915313720703,140.6248016357422,144.98685607910156,2.689377843266775
coarse,1,570,9120,522977280,recompute,305.9280140005285,305.9031268028775,303.0404080054723,314.2841296939878,6.530529082002078,305.9192199707031,305.8941223144531,303.03204345703125,314.27537536621094,6.530410976102851
coarse,1,580,9280,532152320,HBM_reuse,11.642976718056682,11.638267603120767,11.655057009193115,11.712462404102553,0.048793406330790254,11.634573663984026,11.629516792297363,11.645759582519531,11.705299282073975,0.04932171026893339
coarse,1,580,9280,532152320,DRAM_fetch,64.50903814194524,64.50406719814055,64.50342599418946,64.57563450094312,0.042958642525168345,64.49864741734096,64.49372863769531,64.49305725097656,64.56559982299805,0.04339230535215308
coarse,1,580,9280,532152320,SSD_fetch,152.38250985774877,151.74082180019468,151.881316996878,158.66590490477392,4.188583223165807,152.37347194126673,151.73182678222656,151.8724822998047,158.65709838867187,4.188806132756489
coarse,1,580,9280,532152320,recompute,316.0653500027755,315.976100001717,317.13499801116996,320.8788786039804,3.759407965272165,316.0574210030692,315.9681823730469,317.1266174316406,320.8711791992188,3.7594540649463597
coarse,1,590,9440,541327360,HBM_reuse,11.671535716491885,11.670890002278611,11.67397599783726,11.713937808235642,0.031236753859816835,11.663044657026019,11.662528038024902,11.665184020996094,11.705094718933104,0.03132441599105792
coarse,1,590,9440,541327360,DRAM_fetch,69.1182199994468,69.12109959812369,69.11944999592379,69.15346019814024,0.029250956759181084,69.10783059256417,69.11082305908204,69.11116790771484,69.14278945922851,0.02924745110597766
coarse,1,590,9440,541327360,SSD_fetch,144.46151857139608,144.3694220011821,143.44667599652894,148.19162760104518,2.7524021506754006,144.45268031529017,144.3608642578125,143.43746948242188,148.18277740478516,2.752622900971999
coarse,1,590,9440,541327360,recompute,313.04959557019174,313.3539017959265,313.0049759929534,317.5784058039426,3.646978444722918,313.04168701171875,313.3457397460937,312.99700927734375,317.57129821777346,3.6472443288514835
coarse,1,600,9600,550502400,HBM_reuse,11.647138428608221,11.648291200981475,11.638019001111388,11.715172894764692,0.047758279724385684,11.638523510524205,11.639987182617187,11.631296157836914,11.706141185760497,0.047815253122855755
coarse,1,600,9600,550502400,DRAM_fetch,65.87711828511341,65.87653640017379,65.92428899602965,65.99775339127518,0.09780750182178426,65.86683436802456,65.86658630371093,65.9134750366211,65.98661804199219,0.09787875964539786
coarse,1,600,9600,550502400,SSD_fetch,160.648064286631,157.74493560311384,157.0990470063407,176.220238400856,9.39700323392015,160.6368408203125,157.7331329345703,157.08889770507812,176.20734100341792,9.397233716778693
coarse,1,600,9600,550502400,recompute,323.43715271729576,322.8842176060425,324.4434590014862,330.22413709841203,4.628577262850075,323.4288112095424,322.8757385253906,324.43536376953125,330.21677551269534,4.629174869603554
coarse,1,610,9760,559677440,HBM_reuse,11.170212430962627,11.172384006204084,11.17653500114102,11.207915293925907,0.03261614188168085,11.161499568394252,11.163859367370605,11.167200088500977,11.198893165588379,0.03290710636407519
coarse,1,610,9760,559677440,DRAM_fetch,71.6940011438315,71.6824984003324,71.6534370003501,71.81729029834969,0.08240781691198093,71.68305424281529,71.67168731689453,71.64192199707031,71.80596237182617,0.08197683315486977
coarse,1,610,9760,559677440,SSD_fetch,166.62190628786837,166.5931368013844,166.8379350012401,168.80331500869943,1.6016336866760104,166.61217389787947,166.583154296875,166.82809448242188,168.79457092285156,1.6020742917603377
coarse,1,610,9760,559677440,recompute,328.20076356957935,328.4053243987728,329.1596449998906,331.3393918928341,2.778986107038487,328.19266183035717,328.3973327636719,329.151611328125,331.3316314697266,2.77926760914741
coarse,1,620,9920,568852480,HBM_reuse,11.218406430478874,11.221523801214062,11.225590002140962,11.237428303866182,0.01928423974763337,11.209819521222796,11.213107299804687,11.21664047241211,11.228553867340088,0.019610523412545322
coarse,1,620,9920,568852480,DRAM_fetch,73.5549238535376,73.54068539571017,73.53660299850162,73.65832689974923,0.06163647424435349,73.54393441336495,73.52977752685547,73.52543640136719,73.64716491699218,0.061476783279145374
coarse,1,620,9920,568852480,SSD_fetch,170.56587885391698,170.39108299650252,169.72416499629617,175.15410009364132,3.128795497448821,170.55650111607142,170.38145141601564,169.71446228027344,175.14564666748046,3.1291718549300014
coarse,1,620,9920,568852480,recompute,337.935910287862,337.7876170008676,339.10975500475615,343.81210110732354,4.422112189988121,337.92791748046875,337.779345703125,339.10101318359375,343.80499572753905,4.422406687380815
coarse,1,630,10080,578027520,HBM_reuse,11.187647569126316,11.190678997081704,11.187033989699557,11.248341704776976,0.04823780842570548,11.17911774771554,11.181766510009766,11.177760124206543,11.241436767578126,0.048828122916118176
coarse,1,630,10080,578027520,DRAM_fetch,74.52571342998583,74.49036900070496,74.42618699860759,74.80861470103264,0.17004114635956638,74.51445988246373,74.4786376953125,74.41433715820312,74.79929580688477,0.17111234899924282
coarse,1,630,10080,578027520,SSD_fetch,171.6659688598676,171.58460480277427,171.52614999213256,173.3221167974989,1.1067174564538464,171.65638514927454,171.57505493164064,171.5169219970703,173.3128463745117,1.1070055079595746
coarse,1,630,10080,578027520,recompute,339.73251757353347,339.71263880084734,341.5621500025736,344.7340938975685,4.140153889845006,339.72445242745533,339.704345703125,341.55316162109375,344.72687377929685,4.1403558358399675
coarse,1,640,10240,587202560,HBM_reuse,11.14746628861342,11.148860002867877,11.155473999679089,11.221729102544487,0.0551102502578901,11.138733727591378,11.139667129516601,11.146656036376953,11.214611530303955,0.05576688129286274
coarse,1,640,10240,587202560,DRAM_fetch,74.65854656766169,74.66037419508211,74.65711599797942,74.69986449868884,0.03208901972957919,74.64745657784599,74.6491455078125,74.64595031738281,74.68850479125976,0.03182204633044066
coarse,1,640,10240,587202560,SSD_fetch,176.96026300005283,176.54788639920298,173.86776400962844,184.2680721078068,5.220895896834368,176.94788469587053,176.53652954101562,173.85011291503906,184.25131378173828,5.2194144033837775
coarse,1,640,10240,587202560,recompute,351.56420500009386,351.0723249986768,349.37153100327123,361.09063740150305,6.300075820117438,351.5550537109375,351.06348876953126,349.36077880859375,361.08229675292966,6.300793708356164
coarse,1,650,10400,596377600,HBM_reuse,11.64732685927967,11.644908800371923,11.644070007605478,11.691821101703681,0.030474524811395384,11.638916424342565,11.636691093444824,11.63542366027832,11.683750247955324,0.030905694708567386
coarse,1,650,10400,596377600,DRAM_fetch,74.88171414505425,74.88754340447485,74.88689699675888,74.93212560075335,0.04178147002246586,74.87135968889508,74.87747802734376,74.87872314453125,74.92123947143554,0.04190849569987868
coarse,1,650,10400,596377600,SSD_fetch,159.93529342605532,159.18513859796803,157.55013399757445,165.91666830063332,3.6389668323924425,159.9265856061663,159.1764404296875,157.54156494140625,165.9077438354492,3.6387507056259287
coarse,1,650,10400,596377600,recompute,349.25156271492597,348.7574617989594,348.22861800785176,356.3079107028898,4.964594482479776,349.2438223702567,348.7495361328125,348.22064208984375,356.3011199951172,4.965029803202627
coarse,1,660,10560,605552640,HBM_reuse,11.63760071462353,11.63580939755775,11.643674995866604,11.67809410544578,0.02838705919286736,11.629152025495257,11.627468872070313,11.63475227355957,11.669341087341309,0.02814866789544613
coarse,1,660,10560,605552640,DRAM_fetch,76.0869812864777,76.05818080191966,76.04739400267135,76.23765399621334,0.08756405897731648,76.07672773088727,76.04806518554688,76.0393295288086,76.22737197875976,0.08762883311708809
coarse,1,660,10560,605552640,SSD_fetch,163.5283861458967,163.17031840153504,162.90940101316664,168.17077000596328,2.92832357267119,163.51939392089844,163.16128234863282,162.90045166015625,168.16221618652344,2.9287139116603846
coarse,1,660,10560,605552640,recompute,363.28412585550853,362.39708419598173,359.0219539910322,374.015402601799,6.9424362560998985,363.27624075753346,362.3890319824219,359.0140380859375,374.008154296875,6.942691429820165
coarse,1,670,10720,614727680,HBM_reuse,11.653219285238135,11.652157999924384,11.662129007163458,11.704282197752036,0.03702937150698161,11.644758905683245,11.643462371826171,11.65340805053711,11.69700813293457,0.03761714618753817
coarse,1,670,10720,614727680,DRAM_fetch,78.22211585880723,78.17500480159651,78.17850100400392,78.49437160330126,0.16317100399387519,78.21155221121651,78.16417999267578,78.16793823242188,78.48509292602539,0.16394970732673167
coarse,1,670,10720,614727680,SSD_fetch,162.99462357294811,162.5672148016747,161.80071599956136,166.89760320005007,2.405623917620353,162.98511614118303,162.5578643798828,161.79075622558594,166.88766632080078,2.405252964997577
coarse,1,670,10720,614727680,recompute,363.7957288551011,363.56603039603215,363.9046129974304,370.86183560459176,4.73489353407254,363.78802490234375,363.55810546875,363.8966064453125,370.854931640625,4.735258770987608
coarse,1,680,10880,623902720,HBM_reuse,11.655738140689209,11.649997998028994,11.644501995760947,11.698145493573975,0.02491992942981017,11.647346360342842,11.64126091003418,11.635871887207031,11.690918254852296,0.025494451751648845
coarse,1,680,10880,623902720,DRAM_fetch,78.45856642857792,78.45956500095781,78.45467200968415,78.50094609893858,0.030475872796673298,78.44812338692802,78.44915161132812,78.44384002685547,78.4901626586914,0.03050121082554695
coarse,1,680,10880,623902720,SSD_fetch,164.45961571506425,163.98847240197938,163.37319700687658,167.86008939525345,2.090421140777563,164.4502171107701,163.97923889160157,163.36370849609375,167.8499542236328,2.0899893422982068
coarse,1,680,10880,623902720,recompute,382.52310614500726,381.92489860230125,383.282404000056,391.30036029673647,6.122031767918983,382.5141339983259,381.91505737304686,383.27301025390625,391.293667602539,6.122884686626513
coarse,1,690,11040,633077760,HBM_reuse,11.679037000119154,11.681356601184234,11.690516999806277,11.709924197930377,0.026938351328125346,11.670477730887276,11.672896003723144,11.683679580688477,11.701049423217775,0.02704434374235712
coarse,1,690,11040,633077760,DRAM_fetch,79.18392200164297,79.18015480099712,79.18520100065507,79.25360830704449,0.04561136581782374,79.17350333077567,79.16990661621094,79.17443084716797,79.24312896728516,0.045501062754123085
coarse,1,690,11040,633077760,SSD_fetch,170.95040614159578,170.1532913983101,170.16492800030392,177.01056750520365,3.7090918712766787,170.9397691999163,170.14229431152344,170.1465606689453,177.00144042968748,3.709666071883003
coarse,1,690,11040,633077760,recompute,380.34386828907634,379.69674020423554,379.00078399979975,389.48046680307016,6.059355581547528,380.33494349888394,379.6872253417969,378.9905090332031,389.4724517822265,6.059756703194977
coarse,1,700,11200,642252800,HBM_reuse,11.654690851823293,11.655416194116697,11.65034699079115,11.691636095929425,0.02731487104545248,11.646102905273438,11.646489524841309,11.641632080078125,11.684396934509277,0.027902400470883867
coarse,1,700,11200,642252800,DRAM_fetch,80.08452171218649,80.08713579911273,80.09784200112335,80.13483619724866,0.04303492219922626,80.07394736153739,80.07673034667968,80.08688354492188,80.12403259277343,0.042712192260213784
coarse,1,700,11200,642252800,SSD_fetch,169.49450657037752,169.43042479688302,168.919357995037,173.28173420683015,2.6105700025400624,169.484858921596,169.4214080810547,168.91226196289062,173.26993408203126,2.6098868729496645
coarse,1,700,11200,642252800,recompute,392.20781114168597,391.317821998382,391.25250100914855,399.3559189082589,4.3947240560593155,392.2000165666853,391.3098205566406,391.2444152832031,399.34885253906253,4.3951022154878645
coarse,1,710,11360,651427840,HBM_reuse,11.223665141317595,11.221880000084639,11.22811800451018,11.278093792498112,0.03929757119922504,11.215081078665596,11.213612747192382,11.219167709350586,11.269110107421875,0.03985033579827346
coarse,1,710,11360,651427840,DRAM_fetch,81.62137585584007,81.6080841992516,81.60034799948335,81.69642649882007,0.04461608058627294,81.61023494175502,81.59640960693359,81.58892822265625,81.68507919311523,0.04443995456333394
coarse,1,710,11360,651427840,SSD_fetch,192.10911314335786,191.9112943985965,191.27665099222213,195.7041565066902,2.5000615135130317,192.09920828683036,191.90082702636718,191.26634216308594,195.69641723632813,2.5009332469566043
coarse,1,710,11360,651427840,recompute,388.8445418540089,388.02072599646635,389.0653099952033,395.24331009743037,4.069442767624126,388.8363473074777,388.0117431640625,389.0567932128906,395.23769531249997,4.07088730791436
coarse,1,720,11520,660602880,HBM_reuse,11.249263858189806,11.248318201978691,11.236763995839283,11.306926197721623,0.04010736388546618,11.24110644204276,11.239405059814453,11.227840423583984,11.30205421447754,0.04176280162037973
coarse,1,720,11520,660602880,DRAM_fetch,81.9505479968419,81.93788059870712,81.9193869974697,82.0857289887499,0.08636315562933515,81.9396743774414,81.92712860107422,81.90774536132812,82.0744529724121,0.08613065771204041
coarse,1,720,11520,660602880,SSD_fetch,194.902994426749,194.8951655998826,195.1778060029028,201.831434298947,4.848029211062975,194.89342389787947,194.8856658935547,195.1676788330078,201.82195281982422,4.848040880666161
coarse,1,720,11520,660602880,recompute,400.90304871721725,400.6193216016982,399.7914579958888,406.15903780562803,3.622245157726101,400.89467075892856,400.61041259765625,399.7802429199219,406.15233764648434,3.6228806252928387
coarse,1,730,11680,669777920,HBM_reuse,11.226918710495479,11.227432795567438,11.223586989217438,11.249999802384991,0.017363665264363233,11.218120983668737,11.219423866271972,11.220576286315918,11.238364696502686,0.016633686364149806
coarse,1,730,11680,669777920,DRAM_fetch,83.0732170018434,83.06387940247077,83.06964000803418,83.1471429017256,0.045977666606224536,83.06251416887555,83.05331268310547,83.05878448486328,83.13595733642578,0.04567915638660564
coarse,1,730,11680,669777920,SSD_fetch,195.799298278871,195.44012139376719,194.40002799092326,203.54594718955923,5.210721125766031,195.7897208077567,195.43072814941405,194.39251708984375,203.53583831787108,5.210546168873056
coarse,1,730,11680,669777920,recompute,403.29415000035493,402.49287160113454,401.35845899931155,412.046799401287,5.680039870047959,403.2857971191406,402.4844909667969,401.3502197265625,412.03855590820314,5.680111819934707
coarse,1,740,11840,678952960,HBM_reuse,11.198725715595563,11.196425801608711,11.194673003046773,11.260059996857308,0.04161643502058583,11.189965656825475,11.187353515625,11.185728073120117,11.252358341217041,0.04210644398878486
coarse,1,740,11840,678952960,DRAM_fetch,84.47174342706732,83.75961359997746,82.84806399024092,88.50866179127479,2.402719809659282,84.46058981759208,83.74854431152343,82.83993530273438,88.49732971191406,2.4023727653342073
coarse,1,740,11840,678952960,SSD_fetch,198.64583200251218,198.3675278024748,201.2920760025736,205.89102219673805,5.583185725854299,198.63352748325892,198.35469665527344,201.28370666503906,205.88028259277345,5.582400738848414
coarse,1,740,11840,678952960,recompute,411.80246842642583,411.9811133976327,411.28440499596763,416.86495269823354,3.640946127061386,411.7948651994978,411.9733459472656,411.2767028808594,416.8578582763672,3.6410931312567723
coarse,1,750,12000,688128000,HBM_reuse,11.751408150303178,11.753875805879943,11.770127006457187,11.79938350978773,0.04122303738614549,11.743044444492885,11.745695877075196,11.760992050170898,11.78957109451294,0.03981206319636389
coarse,1,750,12000,688128000,DRAM_fetch,81.88219643073224,81.87079479976092,81.86054200632498,82.00270420493325,0.07615616600352498,81.87136949811664,81.85938568115235,81.84883117675781,81.99369354248047,0.07703023278878542
coarse,1,750,12000,688128000,SSD_fetch,183.2838884251292,183.09118599572685,181.82456299837213,186.71973859454738,2.3503403389747017,183.27495465959822,183.08221130371095,181.81698608398438,186.71085662841796,2.3502762844824026
coarse,1,750,12000,688128000,recompute,411.74317728187555,411.61945339408703,411.88645499642007,417.2301227983553,3.837467524643222,411.7354256766183,411.6114807128906,411.87860107421875,417.2229370117187,3.837715695298932
coarse,1,760,12160,697303040,HBM_reuse,11.71935543035423,11.711117401137017,11.701217998052016,11.776514304801822,0.035110321210472924,11.710779462541852,11.702201652526856,11.69206428527832,11.769596767425538,0.03608709800102802
coarse,1,760,12160,697303040,DRAM_fetch,87.79116314170616,87.76547180023044,87.76011700683739,87.95417008950608,0.09954869271737825,87.78042166573661,87.7548812866211,87.74915313720703,87.94363098144531,0.09950994196063412
coarse,1,760,12160,697303040,SSD_fetch,201.2255612831463,187.2619315981865,186.13892199937254,262.18325619120145,37.212145596403246,201.21568952287947,187.25189208984375,186.13180541992188,262.17326049804683,37.21218871731358
coarse,1,760,12160,697303040,recompute,431.93510885716285,431.5395540004829,430.25720700097736,439.9888872008887,5.532041884182402,431.9275599888393,431.5316467285156,430.2493896484375,439.9829559326172,5.532734192198954
coarse,1,770,12320,706478080,HBM_reuse,11.67227685592869,11.674308800138533,11.67620500200428,11.685850491630845,0.013682361140343964,11.663785253252302,11.665510559082032,11.667584419250488,11.678739261627198,0.014235244660310228
coarse,1,770,12320,706478080,DRAM_fetch,84.66763085743878,84.66389579989482,84.64800799265504,84.73011180321919,0.042114406256609394,84.65706416538784,84.65292663574219,84.63705444335938,84.72129745483399,0.04289377601119153
coarse,1,770,12320,706478080,SSD_fetch,189.62900814533765,189.15813520143274,188.47699400794227,197.37192500178935,5.0277127803411705,189.62012372698103,189.1494598388672,188.47010803222656,197.36230926513673,5.027491813212699
coarse,1,770,12320,706478080,recompute,426.5059445731043,426.39952400058974,425.3772950032726,432.01133850670885,4.087581369610315,426.49761962890625,426.39043579101565,425.3694152832031,432.00518798828125,4.0885550954391086
coarse,1,780,12480,715653120,HBM_reuse,11.700195285292077,11.700959797599353,11.708239995641634,11.727359103679191,0.021944167742824663,11.691396713256836,11.69222412109375,11.699007987976074,11.718342304229736,0.021504519014024177
coarse,1,780,12480,715653120,DRAM_fetch,86.94151271317553,86.93574279895984,86.91918499243911,87.01662429666612,0.050794088958251944,86.93006461007255,86.92454223632812,86.90799713134766,87.00749969482422,0.05229526693953937
coarse,1,780,12480,715653120,SSD_fetch,183.19085300234812,182.9780024039792,182.88233601197135,186.5961355055333,2.302846820862419,183.1815665108817,182.9693359375,182.87330627441406,186.5871337890625,2.30345181274549
coarse,1,780,12480,715653120,recompute,443.3713614271255,443.3886185986921,443.34804799291305,448.11716019612504,3.650353284073081,443.36279296875,443.38026123046876,443.34002685546875,448.10858764648435,3.651061748546326
coarse,1,790,12640,724828160,HBM_reuse,11.768210284312122,11.772293198737316,11.772248995839618,11.794099300459493,0.024148504347576233,11.759643418448311,11.763827133178712,11.763520240783691,11.786019134521483,0.024358987732005503
coarse,1,790,12640,724828160,DRAM_fetch,89.0479347186296,89.04360680608079,89.05129700724501,89.1016295994632,0.0363449455051608,89.0369371686663,89.03216552734375,89.04019165039062,89.0919692993164,0.03701582115935258
coarse,1,790,12640,724828160,SSD_fetch,227.59985871380195,231.33390239963774,232.4050070019439,239.82587849604897,14.41965391313639,227.58954075404577,231.32384033203124,232.39474487304688,239.81549835205078,14.420015215431905
coarse,1,790,12640,724828160,recompute,440.7467197119591,440.7071941968752,441.48823399154935,445.70686209917767,3.9806143416502198,440.7389003208705,440.6993408203125,441.4798889160156,445.6993865966797,3.98075120565347
coarse,1,800,12800,734003200,HBM_reuse,11.16922871317781,11.170942397438921,11.17864198749885,11.194340299698524,0.023568143406349492,11.160941668919154,11.162969398498536,11.16915225982666,11.185043334960938,0.023585157488864406
coarse,1,800,12800,734003200,DRAM_fetch,87.22577013915205,87.22852319770027,87.22082899475936,87.26254419743782,0.03137082847227854,87.21519579206195,87.21758117675782,87.20985412597656,87.25334930419922,0.03184234709364506
coarse,1,800,12800,734003200,SSD_fetch,209.25882442887607,208.88678140181582,210.13502500136383,215.22434179205447,4.476618132303854,209.24817766462053,208.8756866455078,210.12681579589844,215.21502227783202,4.476290083645509
coarse,1,800,12800,734003200,recompute,456.4316489974902,456.5874413965503,456.0332359978929,460.8815468978719,3.3675396193191323,456.42311314174106,456.5787292480469,456.0251770019531,460.87328796386714,3.3672536895016996
