frontier_seq,candidate_count,actual_node_id,actual_next_use,belady_node_id,belady_next_use,actual_block_count,belady_block_count,same_choice
346,7,3,,35,,1,1,False
348,7,2,,35,,10,1,False
350,6,34,,35,,1,1,False
352,6,6,,35,,10,1,False
354,5,35,,35,,1,1,True
356,5,14,,38,,10,1,False
358,4,36,,38,,1,1,False
360,4,20,,38,,10,1,False
362,3,37,,38,,1,1,False
364,3,38,,38,,1,1,True
366,3,30,,39,,10,1,False
368,3,39,,39,,1,1,True
370,3,4,,27,,10,10,False
372,2,27,,27,,10,10,True
374,1,24,,24,,322,322,True
549,11,41,,43,,1,1,False
551,11,8,,43,,10,1,False
553,11,42,,43,,1,1,False
555,11,9,,43,,10,1,False
557,10,43,,43,,1,1,True
559,10,12,,47,,10,1,False
561,10,44,,47,,1,1,False
563,10,16,,47,,10,1,False
565,9,45,,47,,1,1,False
567,9,19,,47,,10,1,False
569,8,46,,47,,1,1,False
571,8,47,,47,,1,1,True
573,8,28,,49,,10,1,False
575,7,48,,49,,1,1,False
577,7,29,,49,,10,1,False
579,6,49,,49,,1,1,True
581,6,31,,50,,332,1,False
720,4,50,,26,,1,10,False
722,4,32,,26,,10,10,False
724,3,51,,26,,1,10,False
726,3,33,,26,,10,10,False
728,2,26,,26,,10,10,True
730,1,11,,11,,296,296,True
732,1,7,,7,,26,26,True
791,11,75,,85,,1,1,False
793,11,52,,85,,10,1,False
795,10,76,,85,,1,1,False
797,10,56,,85,,10,1,False
799,9,77,,85,,1,1,False
801,9,63,,85,,10,1,False
803,8,78,,85,,1,1,False
805,8,67,,85,,10,1,False
807,7,79,,85,,1,1,False
809,7,53,,85,,10,1,False
811,6,80,,85,,1,1,False
813,6,54,,85,,10,1,False
815,5,81,,85,,1,1,False
817,5,55,,85,,10,1,False
819,4,82,,85,,1,1,False
821,4,57,,85,,10,1,False
823,3,83,,85,,1,1,False
825,3,58,,85,,10,1,False
827,3,84,,85,,1,1,False
829,3,59,,85,,10,1,False
831,3,85,,85,,1,1,True
833,3,60,,23,,10,322,False
835,2,23,,23,,322,322,True
1161,18,86,,88,,1,1,False
1163,18,64,,88,,10,1,False
1182,17,87,,88,,1,1,False
1184,17,65,,88,,10,1,False
1196,16,88,,88,,1,1,True
1198,16,66,,111,,10,1,False
1200,15,89,,111,,1,1,False
1202,15,90,,111,,1,1,False
1204,15,69,,111,,10,1,False
1206,14,91,,111,,1,1,False
1208,14,70,,111,,10,1,False
1210,13,92,,111,,1,1,False
1212,13,71,,111,,10,1,False
1214,12,93,,111,,1,1,False
1216,12,72,,111,,10,1,False
1218,12,96,,111,,1,1,False
1220,12,73,,111,,10,1,False
1222,11,68,,111,,10,1,False
1224,10,99,,111,,1,1,False
1226,10,100,,111,,1,1,False
1228,10,101,,111,,1,1,False
1230,10,95,,111,,10,1,False
1232,10,94,,111,,10,1,False
1234,9,105,,111,,1,1,False
1236,9,98,,111,,10,1,False
1238,9,109,,111,,1,1,False
1240,9,102,,111,,10,1,False
1242,8,110,,111,,1,1,False
1244,8,104,,111,,10,1,False
1246,7,111,,111,,1,1,True
1248,7,106,,113,,10,1,False
1250,6,112,,113,,1,1,False
1252,6,107,,113,,10,1,False
1254,6,113,,113,,1,1,True
1256,6,108,,74,,10,10,False
1258,5,74,,74,,10,10,True
1260,4,62,,62,,191,191,True
1304,1,17,,17,,131,131,True
1462,13,129,,131,,1,1,False
1464,13,114,,131,,10,1,False
1466,12,130,,131,,1,1,False
1468,12,115,,131,,10,1,False
1470,11,131,,131,,1,1,True
1472,11,117,,143,,10,1,False
1474,10,132,,143,,1,1,False
1476,10,118,,143,,10,1,False
1478,9,133,,143,,1,1,False
1480,9,119,,143,,10,1,False
1482,9,137,,143,,1,1,False
1484,9,120,,143,,10,1,False
1486,9,138,,143,,1,1,False
1488,9,121,,143,,10,1,False
1490,9,139,,143,,1,1,False
1492,9,122,,143,,10,1,False
1494,8,141,,143,,1,1,False
1496,8,123,,143,,10,1,False
1498,7,142,,143,,1,1,False
1500,7,127,,143,,10,1,False
1502,6,143,,143,,1,1,True
1504,6,128,,144,,10,1,False
1506,6,144,,144,,1,1,True
1508,6,125,,145,,10,1,False
1510,6,145,,145,,1,1,True
1512,6,126,,103,,10,322,False
1514,5,103,,103,,322,322,True
1854,21,151,,157,,1,1,False
1856,21,134,,157,,10,1,False
1858,20,152,,157,,1,1,False
1860,20,135,,157,,10,1,False
1862,19,153,,157,,1,1,False
1864,19,136,,157,,10,1,False
1866,18,154,,157,,1,1,False
1868,18,140,,157,,10,1,False
1870,17,155,,157,,1,1,False
1872,17,146,,157,,10,1,False
1874,16,156,,157,,1,1,False
1876,16,147,,157,,332,1,False
1934,15,157,,157,,1,1,True
1936,15,148,,169,,10,1,False
1938,14,158,,169,,1,1,False
1940,14,149,,169,,10,1,False
1942,13,159,,169,,1,1,False
1944,13,150,,169,,10,1,False
1946,13,162,,169,,1,1,False
1948,13,160,,169,,10,1,False
1950,13,163,,169,,1,1,False
1952,13,161,,169,,10,1,False
1954,12,169,,169,,1,1,True
1956,12,166,,171,,10,1,False
1958,12,171,,171,,1,1,True
1960,12,164,,182,,10,1,False
1962,11,172,,182,,1,1,False
1964,11,165,,182,,10,1,False
1966,10,173,,182,,1,1,False
1968,10,167,,182,,10,1,False
1970,9,174,,182,,1,1,False
1972,9,168,,182,,10,1,False
1974,9,175,,182,,1,1,False
1976,9,170,,182,,10,1,False
1978,9,179,,182,,1,1,False
1980,9,176,,182,,10,1,False
1982,8,180,,182,,1,1,False
1984,8,177,,182,,10,1,False
1986,7,182,,182,,1,1,True
1988,7,178,,183,,10,1,False
1990,7,183,,183,,1,1,True
1992,7,181,,25,,10,322,False
1994,6,25,,25,,322,322,True
2198,11,191,,191,,1,1,True
2200,11,184,,206,,332,1,False
2202,10,192,,206,,1,1,False
2211,10,185,,206,,10,1,False
2213,10,193,,206,,1,1,False
2215,10,186,,206,,10,1,False
2217,9,194,,206,,1,1,False
2219,9,187,,206,,10,1,False
2221,9,195,,206,,1,1,False
2223,9,196,,206,,1,1,False
2225,9,189,,206,,10,1,False
2227,8,197,,206,,1,1,False
2229,8,190,,206,,10,1,False
2231,8,188,,206,,10,1,False
2233,7,203,,206,,1,1,False
2235,7,198,,206,,10,1,False
2237,6,204,,206,,1,1,False
2239,6,199,,206,,10,1,False
2241,6,205,,206,,1,1,False
2243,6,200,,206,,10,1,False
2245,5,206,,206,,1,1,True
2247,5,202,,40,,10,12,False
2249,5,61,,40,,322,12,False
2286,3,212,,212,,1,1,True
2288,3,207,,40,,10,12,False
2290,3,40,,40,,12,12,True
2292,3,21,,18,,310,37,False
2294,2,18,,18,,37,37,True
2522,17,220,,243,,1,1,False
2524,17,208,,243,,10,1,False
2526,16,224,,243,,1,1,False
2528,16,209,,243,,10,1,False
2530,16,225,,243,,1,1,False
2532,16,210,,243,,10,1,False
2534,15,226,,243,,1,1,False
2536,15,211,,243,,10,1,False
2538,14,227,,243,,1,1,False
2540,14,213,,243,,10,1,False
2542,13,228,,243,,1,1,False
2544,13,217,,243,,10,1,False
2546,13,229,,243,,1,1,False
2548,13,215,,243,,10,1,False
2550,13,230,,243,,1,1,False
2552,13,216,,243,,10,1,False
2554,13,231,,243,,1,1,False
2556,13,232,,243,,1,1,False
2558,13,219,,243,,10,1,False
2560,12,233,,243,,1,1,False
2562,12,222,,243,,10,1,False
2564,11,234,,243,,1,1,False
2566,11,223,,243,,10,1,False
2568,10,238,,243,,1,1,False
2570,10,235,,243,,10,1,False
2572,10,239,,243,,1,1,False
2574,10,236,,243,,10,1,False
2576,10,240,,243,,1,1,False
2578,10,237,,243,,10,1,False
2580,9,243,,243,,1,1,True
2582,9,241,,244,,10,1,False
2584,9,244,,244,,1,1,True
2586,9,242,,124,,10,322,False
2588,9,218,,124,,10,322,False
2590,8,124,,124,,322,322,True
2858,12,252,,253,,1,1,False
2860,12,253,,253,,1,1,True
2862,12,247,,270,,10,1,False
2864,11,254,,270,,1,1,False
2866,11,248,,270,,332,1,False
2875,10,255,,270,,1,1,False
2877,10,249,,270,,10,1,False
2879,10,257,,270,,1,1,False
2881,10,250,,270,,10,1,False
2883,9,258,,270,,1,1,False
2885,9,251,,270,,10,1,False
2887,9,260,,270,,1,1,False
2889,9,256,,270,,10,1,False
2891,9,261,,270,,1,1,False
2893,9,259,,270,,10,1,False
2895,8,246,,270,,10,1,False
2897,7,270,,270,,1,1,True
2899,7,262,,274,,10,1,False
2901,7,272,,274,,1,1,False
2903,7,263,,274,,10,1,False
2905,6,273,,274,,1,1,False
2907,6,265,,274,,10,1,False
2909,6,274,,274,,1,1,True
2911,6,269,,22,,10,322,False
2913,6,22,,22,,322,322,True
3157,16,276,,285,,1,1,False
3159,16,264,,285,,10,1,False
3161,16,277,,285,,1,1,False
3163,16,266,,285,,10,1,False
3165,15,278,,285,,1,1,False
3167,15,268,,285,,10,1,False
3169,14,285,,285,,1,1,True
3171,14,271,,295,,10,1,False
3173,14,286,,295,,1,1,False
3175,14,287,,295,,1,1,False
3177,14,284,,295,,10,1,False
3179,14,288,,295,,1,1,False
3181,14,279,,295,,10,1,False
3183,13,289,,295,,1,1,False
3185,13,281,,295,,10,1,False
3187,13,290,,295,,1,1,False
3189,13,282,,295,,10,1,False
3191,12,291,,295,,1,1,False
3193,12,283,,295,,10,1,False
3195,12,295,,295,,1,1,True
3197,12,292,,305,,10,1,False
3199,12,298,,305,,1,1,False
3201,12,294,,305,,10,1,False
3203,11,299,,305,,1,1,False
3205,11,293,,305,,10,1,False
3207,11,275,,305,,10,1,False
3209,10,303,,305,,1,1,False
3211,10,296,,305,,10,1,False
3213,9,304,,305,,1,1,False
3215,9,297,,305,,10,1,False
3217,9,305,,305,,1,1,True
3219,9,300,,97,,10,322,False
3221,9,97,,97,,322,322,True
3264,4,221,,280,,322,322,False
3266,3,280,,280,,322,322,True
3409,3,316,,316,,1,1,True
3411,3,302,,317,,10,1,False
3413,2,317,,317,,1,1,True
3415,2,307,,318,,10,1,False
3417,1,318,,318,,1,1,True
3419,1,306,,306,,332,332,True
3503,8,320,,320,,1,1,True
3505,8,308,,326,,10,1,False
3507,8,321,,326,,1,1,False
3509,8,309,,326,,10,1,False
3511,8,322,,326,,1,1,False
3513,8,310,,326,,10,1,False
3515,7,323,,326,,1,1,False
3517,7,311,,326,,10,1,False
3519,7,324,,326,,1,1,False
3521,7,312,,326,,10,1,False
3523,6,325,,326,,1,1,False
3525,6,313,,326,,10,1,False
3527,6,326,,326,,1,1,True
3529,6,314,,327,,10,1,False
3531,5,327,,327,,1,1,True
3533,5,315,,245,,10,322,False
3535,4,245,,245,,322,322,True
3537,3,267,,267,,37,37,True
3539,3,15,,15,,232,232,True
3803,15,345,,354,,1,1,False
3805,15,330,,354,,10,1,False
3807,14,346,,354,,1,1,False
3809,14,333,,354,,10,1,False
3811,14,347,,354,,1,1,False
3813,14,339,,354,,10,1,False
3815,13,348,,354,,1,1,False
3817,13,342,,354,,10,1,False
3819,12,350,,354,,1,1,False
3821,12,329,,354,,10,1,False
3823,11,351,,354,,1,1,False
3825,11,331,,354,,10,1,False
3827,10,352,,354,,1,1,False
3829,10,332,,354,,10,1,False
3831,9,353,,354,,1,1,False
3833,9,334,,354,,10,1,False
3835,8,354,,354,,1,1,True
3837,8,336,,356,,10,1,False
3839,7,355,,356,,1,1,False
3841,7,337,,356,,10,1,False
3843,6,356,,356,,1,1,True
3845,6,340,,360,,10,1,False
3847,6,358,,360,,1,1,False
3849,6,343,,360,,10,1,False
3851,6,359,,360,,1,1,False
3853,6,344,,360,,10,1,False
3855,5,360,,360,,1,1,True
3857,5,349,,365,,10,1,False
3859,4,365,,365,,1,1,True
3861,4,357,,328,,10,322,False
3863,4,328,,328,,322,322,True
4056,13,370,,374,,1,1,False
4058,13,361,,374,,10,1,False
4060,13,371,,374,,1,1,False
4062,13,362,,374,,10,1,False
4064,13,372,,374,,1,1,False
4066,13,363,,374,,10,1,False
4068,12,373,,374,,1,1,False
4070,12,364,,374,,10,1,False
4072,11,374,,374,,1,1,True
4074,11,368,,383,,10,1,False
4076,10,375,,383,,1,1,False
4078,10,376,,383,,1,1,False
4080,10,377,,383,,1,1,False
4082,10,369,,383,,10,1,False
4084,9,366,,383,,10,1,False
4086,8,383,,383,,1,1,True
4088,8,378,,386,,10,1,False
4090,8,384,,386,,1,1,False
4092,8,379,,386,,10,1,False
4094,8,386,,386,,1,1,True
4096,8,381,,388,,10,1,False
4098,8,367,,388,,10,1,False
4100,7,388,,388,,1,1,True
4102,7,382,,382,,10,10,True
4104,7,13,,13,,142,142,True
4106,7,5,,5,,180,180,True
4477,24,398,,433,,1,1,False
4479,24,385,,433,,10,1,False
4481,23,399,,433,,1,1,False
4483,23,389,,433,,10,1,False
4485,22,403,,433,,1,1,False
4487,22,391,,433,,10,1,False
4489,21,404,,433,,1,1,False
4491,21,390,,433,,10,1,False
4493,21,405,,433,,1,1,False
4495,21,392,,433,,10,1,False
4497,20,406,,433,,1,1,False
4499,20,393,,433,,10,1,False
4501,19,407,,433,,1,1,False
4503,19,394,,433,,10,1,False
4505,18,408,,433,,1,1,False
4507,18,395,,433,,10,1,False
4509,17,409,,433,,1,1,False
4511,17,396,,433,,10,1,False
4513,16,410,,433,,1,1,False
4515,16,397,,433,,10,1,False
4517,15,413,,433,,1,1,False
4519,15,400,,433,,10,1,False
4521,14,414,,433,,1,1,False
4523,14,402,,433,,10,1,False
4525,14,415,,433,,1,1,False
4527,14,411,,433,,10,1,False
4529,13,416,,433,,1,1,False
4531,13,412,,433,,10,1,False
4533,12,421,,433,,1,1,False
4535,12,417,,433,,10,1,False
4537,12,422,,433,,1,1,False
4539,12,418,,433,,10,1,False
4541,11,423,,433,,1,1,False
4543,11,419,,433,,10,1,False
4545,11,425,,433,,1,1,False
4547,11,420,,433,,10,1,False
4549,11,426,,433,,1,1,False
4551,11,424,,433,,10,1,False
4553,11,428,,433,,1,1,False
4555,11,427,,433,,10,1,False
4557,11,433,,433,,1,1,True
4559,11,430,,435,,10,1,False
4561,10,434,,435,,1,1,False
4563,10,431,,435,,10,1,False
4565,10,435,,435,,1,1,True
4567,10,429,,436,,10,1,False
4569,10,436,,436,,1,1,True
4571,10,432,,387,,10,322,False
4573,10,387,,387,,322,322,True
4754,13,440,,441,,1,1,False
4756,13,441,,441,,1,1,True
4758,13,438,,452,,10,1,False
4760,12,442,,452,,1,1,False
4762,12,439,,452,,10,1,False
4764,12,437,,452,,10,1,False
4766,11,448,,452,,1,1,False
4768,11,443,,452,,10,1,False
4770,11,450,,452,,1,1,False
4772,11,444,,452,,10,1,False
4774,10,452,,452,,1,1,True
4776,10,446,,453,,10,1,False
4778,10,453,,453,,1,1,True
4780,10,447,,454,,10,1,False
4782,10,454,,454,,1,1,True
4784,10,449,,455,,10,1,False
4786,10,455,,455,,1,1,True
4788,10,451,,457,,10,1,False
4790,10,457,,457,,1,1,True
4792,10,456,,301,,10,322,False
4794,10,301,,301,,322,322,True
5220,20,466,,486,,1,1,False
5222,20,467,,486,,1,1,False
5224,20,459,,486,,10,1,False
5226,20,468,,486,,1,1,False
5228,20,460,,486,,10,1,False
5230,19,469,,486,,1,1,False
5232,19,463,,486,,10,1,False
5234,18,470,,486,,1,1,False
5236,18,461,,486,,10,1,False
5238,17,471,,486,,1,1,False
5240,17,462,,486,,10,1,False
5242,17,472,,486,,1,1,False
5244,17,465,,486,,10,1,False
5246,16,473,,486,,1,1,False
5248,16,464,,486,,10,1,False
5250,16,480,,486,,1,1,False
5252,16,474,,486,,10,1,False
5254,15,482,,486,,1,1,False
5256,15,476,,486,,10,1,False
5258,15,483,,486,,1,1,False
5260,15,477,,486,,10,1,False
5262,15,458,,486,,10,1,False
5264,14,486,,486,,1,1,True
5266,14,475,,498,,10,1,False
5268,13,487,,498,,1,1,False
5270,13,479,,498,,10,1,False
5272,13,488,,498,,1,1,False
5274,13,478,,498,,10,1,False
5276,12,489,,498,,1,1,False
5278,12,481,,498,,10,1,False
5280,12,490,,498,,1,1,False
5282,12,485,,498,,10,1,False
5284,11,493,,498,,1,1,False
5286,11,491,,498,,10,1,False
5288,10,495,,498,,1,1,False
5290,10,492,,498,,10,1,False
5292,10,497,,498,,1,1,False
5294,10,494,,498,,10,1,False
5296,9,498,,498,,1,1,True
5298,9,496,,214,,10,322,False
5300,8,214,,214,,322,322,True
5486,13,508,,516,,1,1,False
5488,13,499,,516,,10,1,False
5490,12,509,,516,,1,1,False
5492,12,500,,516,,10,1,False
5494,11,512,,516,,1,1,False
5496,11,503,,516,,10,1,False
5498,11,513,,516,,1,1,False
5500,11,504,,516,,10,1,False
5502,11,514,,516,,1,1,False
5504,11,501,,516,,10,1,False
5506,10,515,,516,,1,1,False
5508,10,502,,516,,10,1,False
5510,10,516,,516,,1,1,True
5512,10,506,,517,,10,1,False
5514,10,517,,517,,1,1,True
5516,10,507,,522,,10,1,False
5518,9,519,,522,,1,1,False
5520,9,510,,522,,10,1,False
5522,9,521,,522,,1,1,False
5524,9,511,,522,,10,1,False
5526,9,522,,522,,1,1,True
5528,9,518,,380,,10,269,False
5530,9,380,,380,,269,269,True
5763,16,524,,531,,1,1,False
5765,16,520,,531,,10,1,False
5767,15,531,,531,,1,1,True
5769,15,532,,537,,1,1,False
5771,15,525,,537,,10,1,False
5773,14,533,,537,,1,1,False
5775,14,526,,537,,10,1,False
5777,13,535,,537,,1,1,False
5779,13,527,,537,,10,1,False
5781,12,536,,537,,1,1,False
5783,12,528,,537,,10,1,False
5785,12,537,,537,,1,1,True
5787,12,529,,546,,10,1,False
5789,11,538,,546,,1,1,False
5791,11,530,,546,,10,1,False
5793,11,539,,546,,1,1,False
5795,11,534,,546,,10,1,False
5797,11,542,,546,,1,1,False
5799,11,540,,546,,10,1,False
5801,11,543,,546,,1,1,False
5803,11,541,,546,,10,1,False
5805,11,546,,546,,1,1,True
5807,11,544,,547,,10,1,False
5809,11,547,,547,,1,1,True
5811,11,545,,551,,10,1,False
5813,11,523,,551,,10,1,False
5815,10,551,,551,,1,1,True
5817,10,549,,10,,10,53,False
5819,10,10,,10,,53,53,True
5821,9,505,,505,,322,322,True
6200,20,556,,559,,1,1,False
6202,20,550,,559,,10,1,False
6204,19,559,,559,,1,1,True
6206,19,560,,570,,1,1,False
6208,19,553,,570,,10,1,False
6210,18,561,,570,,1,1,False
6212,18,554,,570,,10,1,False
6214,17,562,,570,,1,1,False
6216,17,555,,570,,10,1,False
6218,16,563,,570,,1,1,False
6220,16,557,,570,,10,1,False
6222,16,565,,570,,1,1,False
6224,16,558,,570,,10,1,False
6226,15,552,,570,,10,1,False
6228,14,568,,570,,1,1,False
6230,14,564,,570,,10,1,False
6232,13,570,,570,,1,1,True
6234,13,567,,588,,10,1,False
6236,12,572,,588,,1,1,False
6238,12,569,,588,,10,1,False
6240,12,577,,588,,1,1,False
6242,12,571,,588,,10,1,False
6244,12,578,,588,,1,1,False
6246,12,573,,588,,10,1,False
6248,11,582,,588,,1,1,False
6250,11,574,,588,,10,1,False
6252,11,583,,588,,1,1,False
6254,11,575,,588,,10,1,False
6256,10,585,,588,,1,1,False
6258,10,576,,588,,10,1,False
6260,9,587,,588,,1,1,False
6262,9,579,,588,,10,1,False
6264,8,588,,588,,1,1,True
6266,8,580,,591,,10,1,False
6268,7,589,,591,,1,1,False
6270,7,581,,591,,10,1,False
6272,7,590,,591,,1,1,False
6274,7,584,,591,,10,1,False
6276,7,591,,591,,1,1,True
6278,7,586,,338,,10,154,False
6280,7,338,,338,,154,154,True
6367,12,598,,604,,1,1,False
6369,12,592,,604,,10,1,False
6371,12,601,,604,,1,1,False
6373,12,594,,604,,10,1,False
6375,11,602,,604,,1,1,False
6377,11,593,,604,,10,1,False
6379,11,603,,604,,1,1,False
6381,11,595,,604,,10,1,False
6383,10,604,,604,,1,1,True
6385,10,596,,319,,10,322,False
6387,10,605,,319,,1,322,False
6389,10,597,,319,,10,322,False
6391,10,606,,319,,1,322,False
6393,10,600,,319,,10,322,False
6395,10,335,,319,,168,322,False
6397,9,319,,319,,322,322,True
6667,17,613,,619,,1,1,False
6669,17,607,,619,,10,1,False
6671,17,615,,619,,1,1,False
6673,17,616,,619,,1,1,False
6675,17,609,,619,,10,1,False
6677,17,617,,619,,1,1,False
6679,17,610,,619,,10,1,False
6681,16,618,,619,,1,1,False
6683,16,611,,619,,10,1,False
6685,15,619,,619,,1,1,True
6687,15,612,,639,,10,1,False
6689,14,621,,639,,1,1,False
6691,14,614,,639,,10,1,False
6693,14,624,,639,,1,1,False
6695,14,620,,639,,10,1,False
6697,13,608,,639,,10,1,False
6699,12,627,,639,,1,1,False
6701,12,622,,639,,10,1,False
6703,12,628,,639,,1,1,False
6705,12,623,,639,,10,1,False
6707,12,635,,639,,1,1,False
6709,12,626,,639,,10,1,False
6711,12,636,,639,,1,1,False
6713,12,629,,639,,10,1,False
6715,12,637,,639,,1,1,False
6717,12,630,,639,,10,1,False
6719,12,638,,639,,1,1,False
6721,12,631,,639,,10,1,False
6723,11,639,,639,,1,1,True
6725,11,632,,641,,10,1,False
6727,11,640,,641,,1,1,False
6729,11,633,,641,,10,1,False
6731,10,641,,641,,1,1,True
6733,10,445,,625,,322,322,False
6784,6,634,,625,,10,322,False
6786,6,116,,625,,322,322,False
6788,5,625,,625,,322,322,True
7060,15,646,,664,,1,1,False
7062,15,647,,664,,1,1,False
7064,15,643,,664,,10,1,False
7066,14,648,,664,,1,1,False
7068,14,644,,664,,10,1,False
7070,13,642,,664,,10,1,False
7072,12,659,,664,,1,1,False
7074,12,645,,664,,10,1,False
7076,11,660,,664,,1,1,False
7078,11,649,,664,,10,1,False
7080,10,661,,664,,1,1,False
7082,10,653,,664,,10,1,False
7084,9,662,,664,,1,1,False
7086,9,651,,664,,10,1,False
7088,8,663,,664,,1,1,False
7090,8,652,,664,,10,1,False
7092,7,664,,664,,1,1,True
7094,7,654,,678,,10,1,False
7096,7,665,,678,,1,1,False
7098,7,655,,678,,10,1,False
7100,6,666,,678,,1,1,False
7102,6,658,,678,,10,1,False
7104,5,667,,678,,1,1,False
7106,5,657,,678,,10,1,False
7108,5,669,,678,,1,1,False
7110,5,668,,678,,10,1,False
7112,5,676,,678,,1,1,False
7114,5,670,,678,,10,1,False
7116,5,678,,678,,1,1,True
7118,5,673,,548,,10,322,False
7120,4,548,,548,,322,322,True
7289,12,680,,694,,1,1,False
7291,12,671,,694,,10,1,False
7293,11,681,,694,,1,1,False
7295,11,672,,694,,10,1,False
7297,11,690,,694,,1,1,False
7299,11,674,,694,,10,1,False
7301,10,692,,694,,1,1,False
7303,10,675,,694,,10,1,False
7305,10,694,,694,,1,1,True
7307,10,677,,700,,10,1,False
7309,10,695,,700,,1,1,False
7311,10,685,,700,,10,1,False
7313,9,696,,700,,1,1,False
7315,9,679,,700,,332,1,False
7342,10,697,,700,,1,1,False
7344,10,682,,700,,332,1,False
7346,9,698,,700,,1,1,False
7348,9,683,,700,,10,1,False
7350,8,699,,700,,1,1,False
7387,7,684,,700,,10,1,False
7389,6,700,,700,,1,1,True
7391,6,686,,702,,10,1,False
7393,5,701,,702,,1,1,False
7395,5,687,,702,,10,1,False
7397,4,702,,702,,1,1,True
7399,4,688,,703,,10,1,False
7401,3,703,,703,,1,1,True
7403,3,689,,689,,10,10,True
7405,3,566,,566,,322,322,True
7658,20,713,,742,,1,1,False
7660,20,691,,742,,10,1,False
7662,20,714,,742,,1,1,False
7664,20,693,,742,,10,1,False
7666,19,716,,742,,1,1,False
7668,19,705,,742,,10,1,False
7670,18,717,,742,,1,1,False
7672,18,706,,742,,332,1,False
7676,17,720,,742,,1,1,False
7678,17,704,,742,,10,1,False
7680,16,721,,742,,1,1,False
7682,16,707,,742,,10,1,False
7684,15,722,,742,,1,1,False
7686,15,723,,742,,1,1,False
7688,15,709,,742,,10,1,False
7690,14,724,,742,,1,1,False
7692,14,710,,742,,10,1,False
7694,14,725,,742,,1,1,False
7696,14,711,,742,,10,1,False
7698,13,726,,742,,1,1,False
7700,13,712,,742,,10,1,False
7702,12,727,,742,,1,1,False
7704,12,715,,742,,10,1,False
7706,12,708,,742,,10,1,False
7708,11,730,,742,,1,1,False
7710,11,719,,742,,10,1,False
7712,10,731,,742,,1,1,False
7714,10,729,,742,,10,1,False
7716,9,734,,742,,1,1,False
7718,9,732,,742,,10,1,False
7720,9,737,,742,,1,1,False
7722,9,733,,742,,10,1,False
7724,9,740,,742,,1,1,False
7726,9,735,,742,,10,1,False
7728,8,741,,742,,1,1,False
7730,8,736,,742,,10,1,False
7732,8,742,,742,,1,1,True
7734,8,738,,744,,10,1,False
7736,8,744,,744,,1,1,True
7738,8,656,,650,,322,322,False
7747,7,739,,599,,10,322,False
7749,7,599,,599,,322,322,True
7751,6,650,,650,,322,322,True
8034,19,757,,757,,1,1,True
8036,19,743,,777,,10,1,False
8038,19,758,,777,,1,1,False
8040,19,759,,777,,1,1,False
8042,19,750,,777,,10,1,False
8044,18,760,,777,,1,1,False
8046,18,753,,777,,10,1,False
8048,17,761,,777,,1,1,False
8050,17,754,,777,,10,1,False
8052,16,762,,777,,1,1,False
8054,16,755,,777,,10,1,False
8056,15,763,,777,,1,1,False
8058,15,764,,777,,1,1,False
8060,15,747,,777,,10,1,False
8062,14,765,,777,,1,1,False
8064,14,749,,777,,10,1,False
8066,14,766,,777,,1,1,False
8068,14,751,,777,,10,1,False
8070,13,767,,777,,1,1,False
8072,13,752,,777,,10,1,False
8074,12,768,,777,,1,1,False
8076,12,756,,777,,10,1,False
8078,12,341,,777,,322,1,False
8112,11,746,,777,,10,1,False
8114,10,745,,777,,10,1,False
8116,9,776,,777,,1,1,False
8118,9,769,,777,,10,1,False
8120,8,777,,777,,1,1,True
8122,8,778,,779,,1,1,False
8124,8,771,,779,,10,1,False
8126,7,779,,779,,1,1,True
8128,7,773,,780,,10,1,False
8130,7,201,,780,,322,1,False
8132,6,780,,780,,1,1,True
8134,6,775,,784,,10,1,False
